-- SUWA SAHANA MEDICAL CLINIC - Test master data import
-- Generated: 2026-06-10T07:46:27.246Z
--
-- Run this entire script in Supabase Dashboard -> SQL Editor.
-- Import order: tests -> subcategories -> reference_ranges -> suggestions
--
-- Notes:
-- - Uses ON CONFLICT (id) DO NOTHING (safe to re-run; existing rows are kept).
-- - To replace all test data first, uncomment the TRUNCATE block below.
-- - Requires migration_add_missing_columns.sql if not applied yet.

-- BEGIN OPTIONAL FULL REPLACE (uncomment only if you want to wipe existing test data)
-- TRUNCATE TABLE
--   public.subcategory_suggestions,
--   public.reference_ranges,
--   public.test_subcategories,
--   public.package_tests,
--   public.tests
-- RESTART IDENTITY CASCADE;
-- END OPTIONAL FULL REPLACE

-- Allow "Baby" reference ranges (used by test-management UI and report entry).
-- Safe to re-run.

DO $$
DECLARE
  cname text;
BEGIN
  FOR cname IN
    SELECT con.conname
    FROM pg_constraint con
    JOIN pg_class rel ON rel.oid = con.conrelid
    JOIN pg_namespace nsp ON nsp.oid = rel.relnamespace
    WHERE nsp.nspname = 'public'
      AND rel.relname = 'reference_ranges'
      AND con.contype = 'c'
      AND pg_get_constraintdef(con.oid) ILIKE '%gender%'
  LOOP
    EXECUTE format('ALTER TABLE public.reference_ranges DROP CONSTRAINT %I', cname);
  END LOOP;
END $$;

ALTER TABLE public.reference_ranges
  ADD CONSTRAINT reference_ranges_gender_check
  CHECK (gender IN ('Male', 'Female', 'Both', 'Baby'));


-- ========== tests ==========
INSERT INTO "public"."tests" ("id", "test_name", "short_name", "price", "remarks", "specimen", "tube", "category", "is_active", "created_at", "updated_at", "duration", "test_cost", "footer_text", "footer_image_url") VALUES ('01000977-54cd-4427-bb5f-aedf72076a2b', 'SERUM  ALBUMIN  TEST', 'ALBUMIN', '600.00', '', 'Blood', 'Red Top', null, true, '2025-08-10 09:25:14.16915+00', '2025-09-16 03:45:24.388029+00', 30, '200.00', null, null), ('011b6cc5-6429-4068-ad87-73e0d03bfaea', 'URINE MICROALBUMIN WITH CREATININE', 'UMA', '1700.00', '', null, null, null, true, '2025-08-30 10:49:37.078219+00', '2025-09-16 03:45:24.388029+00', 30, '200.00', null, null), ('0139c6c3-5843-4cd3-b91d-e38eb42830fd', 'CA 19-9', 'CA 19-9', '16200.00', '', 'Blood', 'Red Top', 'Serology', true, '2026-05-22 07:32:06.195898+00', '2026-05-22 07:32:06.195898+00', 60, '200.00', null, null), ('037491b8-20ac-4d64-93be-14ad7c4e71d2', 'OGCT 75G ( 01 HOURS )', 'OGCT', '300.00', '', null, null, null, true, '2025-08-30 10:29:06.059167+00', '2025-09-16 03:45:24.388029+00', 30, '200.00', null, null), ('051d2fa7-303a-4e63-a2b4-53f68701f4c8', 'VITAMIN B 12', 'B 12', '8600.00', '', 'Blood', 'Red Top', 'Biochemistry', true, '2026-05-22 07:29:10.15113+00', '2026-05-22 07:29:10.15113+00', 59, '199.99', null, null), ('090564d5-0c12-4e2b-9dfe-626e82820b09', 'HEPATITIS B SURFACE ANTIGEN', 'HBsAg', '1200.00', '', 'Blood', 'Red Top', 'Biochemistry', true, '2025-08-11 10:37:22.089026+00', '2026-05-25 06:16:13.966701+00', 60, '200.00', 'https://edhwbsvtgfmvkzcmfggt.supabase.co/storage/v1/object/sign/Kany_report_ref/HEPATITIS%20B%20SURFACE%20ANTIGEN.jpg?token=eyJraWQiOiJzdG9yYWdlLXVybC1zaWduaW5nLWtleV9mMjZiNGY4Yy0xZWJlLTRmZDUtYjFjMS0xNzdhYTJkZjE3ODIiLCJhbGciOiJIUzI1NiJ9.eyJ1cmwiOiJLYW55X3JlcG9ydF9yZWYvSEVQQVRJVElTIEIgU1VSRkFDRSBBTlRJR0VOLmpwZyIsImlhdCI6MTc3OTY4OTY5OCwiZXhwIjo0OTMzMjg5Njk4fQ.l35XmnMvtcyNgnmRjthJNCUyBTiiaR83UZz328zL934', null), ('091f65ad-add9-4016-a8e1-4afa1a3a12f5', 'LEPTOSPIRA ANTIBODY TEST ', 'LEPTO Ab', '5000.00', '', 'Blood', 'Red Top', 'Serology', true, '2026-05-23 08:17:53.484643+00', '2026-05-23 08:17:53.484643+00', 59, '200.00', null, null), ('09db2545-4e56-4411-909f-76c3e069c0dd', 'BLOOD  PICTURE', 'BP', '1800.00', '', 'Blood', 'Green Top', 'Hematology', true, '2025-08-10 08:33:40.408849+00', '2025-09-16 03:45:24.388029+00', 30, '200.00', null, null), ('0cb45863-05d6-493d-99fa-8441a34ad48c', 'STOOL CALPROTECTIN', 'ST CALPROTECTIN', '3750.00', '', 'Stool', null, null, true, '2026-05-22 08:11:55.129068+00', '2026-05-22 08:11:55.129068+00', 60, '200.00', null, null), ('0d9d0c2e-43be-48cb-8d27-459b2a2e22ed', 'SPUTUM FOR CULTURE & ABST', 'SPUTUM CULTURE', '2100.00', '', null, null, null, true, '2026-05-22 08:10:07.392745+00', '2026-05-22 08:10:07.392745+00', 59, '200.00', null, null), ('0da94c21-9a80-42bd-ae45-6d2150323888', 'FREE T4', 'T4', '2000.00', '', 'Blood', 'Red Top', null, true, '2025-08-10 09:12:29.548182+00', '2026-05-22 08:14:24.948951+00', 30, '200.00', 'https://edhwbsvtgfmvkzcmfggt.supabase.co/storage/v1/object/sign/footer_img/tree%20t4.jpg?token=eyJraWQiOiJzdG9yYWdlLXVybC1zaWduaW5nLWtleV9mMjZiNGY4Yy0xZWJlLTRmZDUtYjFjMS0xNzdhYTJkZjE3ODIiLCJhbGciOiJIUzI1NiJ9.eyJ1cmwiOiJmb290ZXJfaW1nL3RyZWUgdDQuanBnIiwiaWF0IjoxNzcyODc2ODU1LCJleHAiOjM2NjUwMzY4NTV9.EZKsjM5elDiTHXrYvKn9Q-B3ArNFEo6gNocpBsfJX0s', null), ('0eb518a2-0b98-4973-b4c3-700f4662cffc', 'RHEUMATOID FACTOR', 'RF', '800.00', '', 'Blood', 'Red Top', null, true, '2025-08-10 10:55:06.888047+00', '2026-05-18 09:35:59.942309+00', 60, '200.00', 'https://edhwbsvtgfmvkzcmfggt.supabase.co/storage/v1/object/sign/footer_img/RF%20(1).jpg?token=eyJraWQiOiJzdG9yYWdlLXVybC1zaWduaW5nLWtleV9mMjZiNGY4Yy0xZWJlLTRmZDUtYjFjMS0xNzdhYTJkZjE3ODIiLCJhbGciOiJIUzI1NiJ9.eyJ1cmwiOiJmb290ZXJfaW1nL1JGICgxKS5qcGciLCJpYXQiOjE3NzkwOTY5MTYsImV4cCI6NDkzMjY5NjkxNn0.CWV7RQSaeysy4ZpRLGHVY8iuO2ah_HT0vETAdd0ZL9M', null), ('12f0aca0-acd8-419a-87ee-57c62a9dfdd5', 'PPBS', 'PPBS', '180.00', '', 'Blood', 'Purple Top', 'Biochemistry', true, '2025-08-09 03:19:40.028248+00', '2026-04-11 03:43:57.835866+00', 60, '200.00', 'https://edhwbsvtgfmvkzcmfggt.supabase.co/storage/v1/object/sign/footer_img/PPBS%20ALL%20NEW.jpg?token=eyJraWQiOiJzdG9yYWdlLXVybC1zaWduaW5nLWtleV9mMjZiNGY4Yy0xZWJlLTRmZDUtYjFjMS0xNzdhYTJkZjE3ODIiLCJhbGciOiJIUzI1NiJ9.eyJ1cmwiOiJmb290ZXJfaW1nL1BQQlMgQUxMIE5FVy5qcGciLCJpYXQiOjE3NzU4NzkwMDEsImV4cCI6NDYxNDExOTAwMX0.zYX5Ra97aznoO83WCsLkASJP2M8SMwNUb4GBcc9Smdg', null), ('167598f2-d5a2-450e-a372-c8b8a0e8149d', 'PROTHROMBIN TIME & INR', 'PT INR', '1650.00', '', null, null, null, true, '2025-08-30 11:01:57.97126+00', '2025-09-16 03:45:24.388029+00', 30, '200.00', null, null), ('1b0488e1-74d3-4161-a13b-72ff079b8963', 'MAGNISIUM SERUM', 'Mg', '1650.00', '', 'Blood', 'Red Top', 'Biochemistry', true, '2026-05-22 07:58:01.965973+00', '2026-05-22 07:58:01.965973+00', 60, '199.99', null, null), ('1bd22e4a-fc6d-4052-a0e7-c9989082a9c6', 'PLASMA GLUCOSE LEVEL - FASTING & POST PRANDIAL', 'FBS & ABF ', '450.00', '', 'Blood', 'Yellow Top', 'Biochemistry', true, '2026-05-05 03:24:58.9159+00', '2026-05-22 07:41:45.78404+00', 60, '199.99', null, null), ('1f2cbb0e-1cff-4053-92ed-81970a469a3c', 'ERYIHROCYTE SEDIMENTAION RATE', 'ESR', '350.00', '.', 'Blood', 'Red Top', 'Hematology', true, '2025-10-03 01:59:20.090674+00', '2026-04-09 08:49:08.989533+00', 29, '0.01', 'https://edhwbsvtgfmvkzcmfggt.supabase.co/storage/v1/object/sign/footer_img/ESR%20NEW.jpg?token=eyJraWQiOiJzdG9yYWdlLXVybC1zaWduaW5nLWtleV9mMjZiNGY4Yy0xZWJlLTRmZDUtYjFjMS0xNzdhYTJkZjE3ODIiLCJhbGciOiJIUzI1NiJ9.eyJ1cmwiOiJmb290ZXJfaW1nL0VTUiBORVcuanBnIiwiaWF0IjoxNzc1NzI0NTMxLCJleHAiOjQyOTg2MDQ1MzF9.Yw6GJBvNbEcJvAkeYtXcOnQtoe-nNOU52NU4dRATJio', null), ('204763f5-e1cf-4f43-b7c3-1f58254cdae2', 'LDH', 'LDH', '1600.00', '', 'Blood', 'Red Top', 'Biochemistry', true, '2026-05-22 07:55:34.850095+00', '2026-05-22 07:55:34.850095+00', 60, '200.00', null, null), ('2299cfd3-ac2d-4847-af7c-a9365da1ea6f', 'PLASMA GLUCOSE LEVEL - FASTING & POST PRANDIAL ', 'FBS & PPBS', '450.00', '', 'Blood', 'Purple Top', 'Biochemistry', true, '2026-03-12 06:30:49.998525+00', '2026-06-01 06:05:31.405722+00', 60, '200.00', null, null), ('278601c0-14c0-4cde-a979-a811532f5ea0', 'PHOSPHORUS', 'PHOSPHORUS', '950.00', '', 'Blood', 'Red Top', 'Biochemistry', true, '2025-08-30 11:06:56.426432+00', '2026-05-22 08:00:22.269196+00', 60, '200.00', null, null), ('2a695102-1661-43b0-a28a-d62172b6de0d', 'OGTT(2TESTS)', 'OGTT', '700.00', '', null, null, null, true, '2025-08-30 10:23:32.199238+00', '2026-03-07 09:41:22.159081+00', 30, '200.00', 'https://edhwbsvtgfmvkzcmfggt.supabase.co/storage/v1/object/sign/footer_img/OGTT%203.jpg?token=eyJraWQiOiJzdG9yYWdlLXVybC1zaWduaW5nLWtleV9mMjZiNGY4Yy0xZWJlLTRmZDUtYjFjMS0xNzdhYTJkZjE3ODIiLCJhbGciOiJIUzI1NiJ9.eyJ1cmwiOiJmb290ZXJfaW1nL09HVFQgMy5qcGciLCJpYXQiOjE3NzI4NzY0NDksImV4cCI6MzY2NTAzNjQ0OX0.C3CiyG4Z_gfwkgOQMk3pwla8k9WyPlhoh8EIWfhn9j0', null), ('3505aa18-ea62-4e2a-aff5-b138482a854f', 'ASPARTATE AMINOTRANSFERASE', 'AST/SGOT', '650.00', '', 'Blood', 'Red Top', 'Biochemistry', true, '2025-08-10 08:58:45.795127+00', '2026-04-20 08:22:43.506767+00', 60, '200.00', null, null), ('36aaf12e-17c5-4489-a332-ef821f6c9354', 'AMYLASE ( SERUM )', 'AMYLASE', '1450.00', '', 'Blood', 'Red Top', 'Biochemistry', true, '2025-08-30 10:47:15.165742+00', '2026-05-05 07:57:16.749333+00', 60, '200.00', null, null), ('372ff9a8-33b8-4dee-b48c-55387de03a7e', 'CLOTTING TIME', 'CT', '350.00', '', null, null, null, true, '2025-08-30 10:41:38.382379+00', '2025-09-16 03:45:24.388029+00', 30, '200.00', null, null), ('39036e1b-0de8-4c0e-9299-cc5ddc1af050', 'HUMAN  IMMUNODEFICIENCY  VIRUS', 'HIV 1& 2 ANTIBODY', '2198.00', '', 'Blood', 'Red Top', null, true, '2025-08-10 08:56:06.456464+00', '2026-05-23 06:20:04.964999+00', 30, '200.00', 'https://edhwbsvtgfmvkzcmfggt.supabase.co/storage/v1/object/sign/footer_img/HIV%20NEW.jpg?token=eyJraWQiOiJzdG9yYWdlLXVybC1zaWduaW5nLWtleV9mMjZiNGY4Yy0xZWJlLTRmZDUtYjFjMS0xNzdhYTJkZjE3ODIiLCJhbGciOiJIUzI1NiJ9.eyJ1cmwiOiJmb290ZXJfaW1nL0hJViBORVcuanBnIiwiaWF0IjoxNzc1ODg1MTIwLCJleHAiOjQ5Mjk0ODUxMjB9.1tNqsxKPL_Ep9Zu135xQHwMLzs3RFqNRXAH8ForfD-E', null), ('3a48824f-c567-432c-925f-c10d1520f711', 'PLATELET COUNT', 'PLATELET COUNT', '400.00', '', null, null, null, true, '2025-08-30 11:03:07.444868+00', '2025-09-16 03:45:24.388029+00', 30, '200.00', null, null), ('3b5166cc-755f-433e-833c-7e8c746c13ce', 'BMI', 'BMI', '120.00', '', null, null, null, true, '2025-08-30 10:31:08.410375+00', '2026-04-11 05:09:49.687549+00', 30, '200.00', 'https://edhwbsvtgfmvkzcmfggt.supabase.co/storage/v1/object/sign/footer_img/BMI%20NEW.jpg?token=eyJraWQiOiJzdG9yYWdlLXVybC1zaWduaW5nLWtleV9mMjZiNGY4Yy0xZWJlLTRmZDUtYjFjMS0xNzdhYTJkZjE3ODIiLCJhbGciOiJIUzI1NiJ9.eyJ1cmwiOiJmb290ZXJfaW1nL0JNSSBORVcuanBnIiwiaWF0IjoxNzc1ODg0MTc0LCJleHAiOjQyOTg3NjQxNzR9.cOXoa7gU7lOQVIiLu74R8oEjexaD-cRjiKPyCmpYuNY', null), ('3c971ba6-3c2e-4478-940a-94a5582b60da', '  SGPT(ALT) / SGOT (AST)', 'PT/OT', '1300.00', '', 'Blood', 'Red Top', 'Biochemistry', true, '2025-08-31 02:37:14.895943+00', '2026-04-09 09:10:49.184124+00', 60, '200.00', null, null), ('3e7d4167-f889-497b-bcc7-dcebc50100be', 'ANA / ANF (LATEX AGG )', 'ANA', '1850.00', '', 'Blood', 'Red Top', 'Serology', true, '2025-08-11 03:29:06.878779+00', '2026-05-05 07:59:52.925775+00', 60, '200.00', null, null), ('3ea45cbd-4b12-4ae1-9983-52e759219e98', 'URINE FULL REPORT', 'UFR', '400.00', '', 'Urine', null, 'Biochemistry', true, '2025-10-28 06:51:12.291872+00', '2025-12-30 06:19:38.836717+00', 60, '100.00', null, null), ('421b40e7-95c1-4d41-a7b1-f6cc86240f79', 'RETIC COUNT', 'RETIC', '800.00', '', 'Blood', 'Green Top', 'Hematology', true, '2026-05-22 08:05:33.56887+00', '2026-05-22 08:05:33.56887+00', 59, '199.99', null, null), ('42dc91cd-d2d1-4e75-93dd-88fec395dee3', 'URINE CULTURE ', 'u/c', '1350.00', '', 'Urine', 'Red Top', null, true, '2025-08-10 11:07:44.762728+00', '2025-10-27 02:19:26.351306+00', 30, '200.00', null, null), ('432dc92f-35c9-4291-8063-8d7418ef517f', 'LUTEINIZING HORMONE', 'LH', '3000.00', '', 'Blood', 'Red Top', 'Biochemistry', true, '2026-05-22 07:40:05.491869+00', '2026-05-25 06:20:39.975033+00', 60, '200.00', 'https://edhwbsvtgfmvkzcmfggt.supabase.co/storage/v1/object/sign/Kany_report_ref/LUTEINIZING%20HORMONE.jpeg?token=eyJraWQiOiJzdG9yYWdlLXVybC1zaWduaW5nLWtleV9mMjZiNGY4Yy0xZWJlLTRmZDUtYjFjMS0xNzdhYTJkZjE3ODIiLCJhbGciOiJIUzI1NiJ9.eyJ1cmwiOiJLYW55X3JlcG9ydF9yZWYvTFVURUlOSVpJTkcgSE9STU9ORS5qcGVnIiwiaWF0IjoxNzc5Njg5OTExLCJleHAiOjQ5MzMyODk5MTF9.3R4ZllpITo2qwkeuj2-q8OquuqzprOMXA_qUGzG6YCQ', null), ('43b8d9e8-69dc-47a9-bc3d-942b368186ad', 'PROLACTIN', 'PROLACTIN', '3100.00', '', null, null, null, true, '2025-08-30 10:46:11.309547+00', '2025-09-16 03:45:24.388029+00', 30, '200.00', null, null), ('443f42f8-8151-4e1b-8dff-9d92b58b48e9', 'FBS', 'FBS', '180.00', '..', 'Blood', 'Purple Top', 'Biochemistry', true, '2025-08-08 18:52:55.381179+00', '2026-04-29 03:53:28.320542+00', 60, '200.00', 'https://edhwbsvtgfmvkzcmfggt.supabase.co/storage/v1/object/sign/footer_img/FBS%20NEW%20.jpg?token=eyJraWQiOiJzdG9yYWdlLXVybC1zaWduaW5nLWtleV9mMjZiNGY4Yy0xZWJlLTRmZDUtYjFjMS0xNzdhYTJkZjE3ODIiLCJhbGciOiJIUzI1NiJ9.eyJ1cmwiOiJmb290ZXJfaW1nL0ZCUyBORVcgLmpwZyIsImlhdCI6MTc3NzQzNDc2NywiZXhwIjo4MDg0NjM0NzY3fQ.RZJg7D-ZYqLB319vJD-5UtkvNbF1gRZZZ23fmeavg-Y', null), ('456fc82b-5031-46b4-9143-ad38ee788100', 'CORRECTED CALCIUM SERUM', 'CORRECRED CALCIUM', '1650.00', '', 'Blood', 'Red Top', 'Biochemistry', true, '2026-05-05 08:04:57.63665+00', '2026-05-05 08:05:27.101321+00', 60, '200.00', null, null), ('4818de77-6b23-4205-bb93-84ed5eba9227', 'FREE T3', 'T3', '2000.00', '', 'Blood', 'Red Top', null, true, '2025-08-10 09:20:00.604608+00', '2026-05-22 08:14:02.996396+00', 30, '200.00', 'https://edhwbsvtgfmvkzcmfggt.supabase.co/storage/v1/object/sign/footer_img/tree%20t3.jpg?token=eyJraWQiOiJzdG9yYWdlLXVybC1zaWduaW5nLWtleV9mMjZiNGY4Yy0xZWJlLTRmZDUtYjFjMS0xNzdhYTJkZjE3ODIiLCJhbGciOiJIUzI1NiJ9.eyJ1cmwiOiJmb290ZXJfaW1nL3RyZWUgdDMuanBnIiwiaWF0IjoxNzcyODc2NzY2LCJleHAiOjM2NjUwMzY3NjZ9.hAplAiuUQddSbd8cGjsDHE24AT6mpPgCrGn8IFRXmcY', null), ('49507cb6-70db-4e65-bcb5-ca50ffee2f20', 'SERUM CALSIUM', 'SERUM CALSIUM', '1000.00', '', 'Blood', 'Red Top', 'Hematology', true, '2025-10-06 09:16:00.796942+00', '2026-04-11 06:17:11.115597+00', 20, '200.00', 'https://edhwbsvtgfmvkzcmfggt.supabase.co/storage/v1/object/sign/footer_img/TOTAL%20CALCIUM.jpg?token=eyJraWQiOiJzdG9yYWdlLXVybC1zaWduaW5nLWtleV9mMjZiNGY4Yy0xZWJlLTRmZDUtYjFjMS0xNzdhYTJkZjE3ODIiLCJhbGciOiJIUzI1NiJ9.eyJ1cmwiOiJmb290ZXJfaW1nL1RPVEFMIENBTENJVU0uanBnIiwiaWF0IjoxNzc1ODg4MTU4LCJleHAiOjQ5Mjk0ODgxNTh9.AlztS5V2O1H8l7tjFl4f_F0-N_H-pPmcPov4BSOsPUo', null), ('4eb8777d-797c-4fe1-830c-93b30ac71dea', 'OGTT(3TESTS)', 'OGTT', '950.00', '', null, null, null, true, '2025-08-30 10:14:12.86303+00', '2026-04-09 07:51:33.178503+00', 30, '200.00', 'https://edhwbsvtgfmvkzcmfggt.supabase.co/storage/v1/object/sign/footer_img/OGTT%20.3.jpg?token=eyJraWQiOiJzdG9yYWdlLXVybC1zaWduaW5nLWtleV9mMjZiNGY4Yy0xZWJlLTRmZDUtYjFjMS0xNzdhYTJkZjE3ODIiLCJhbGciOiJIUzI1NiJ9.eyJ1cmwiOiJmb290ZXJfaW1nL09HVFQgLjMuanBnIiwiaWF0IjoxNzc1NzIxMDUyLCJleHAiOjQ2MTM5NjEwNTJ9.CgiLB0Ydpxz1ALMwujaQJNF5K_oyWctKrycD5l4UX28', null), ('4f703738-0687-4d4a-9a19-15e19be23961', 'POSTPARANDIAL BLOOD SUGAR - AFTER BREAKFAST', 'PPBS-PB', '180.00', '', 'Blood', 'Purple Top', 'Biochemistry', true, '2025-08-11 03:25:44.803055+00', '2026-04-11 03:44:53.837303+00', 60, '200.00', 'https://edhwbsvtgfmvkzcmfggt.supabase.co/storage/v1/object/sign/footer_img/PPBS%20ALL%20NEW.jpg?token=eyJraWQiOiJzdG9yYWdlLXVybC1zaWduaW5nLWtleV9mMjZiNGY4Yy0xZWJlLTRmZDUtYjFjMS0xNzdhYTJkZjE3ODIiLCJhbGciOiJIUzI1NiJ9.eyJ1cmwiOiJmb290ZXJfaW1nL1BQQlMgQUxMIE5FVy5qcGciLCJpYXQiOjE3NzU4NzkwMDEsImV4cCI6NDYxNDExOTAwMX0.zYX5Ra97aznoO83WCsLkASJP2M8SMwNUb4GBcc9Smdg', null), ('4fd33cbd-6544-4678-85bb-a6d20f810962', 'RANDOM BLOOD SUGAR', 'RBS', '180.00', '', null, null, null, true, '2025-08-30 10:08:05.297709+00', '2026-01-02 06:53:20.110563+00', 60, '200.00', null, null), ('50b56705-66b4-463c-bc1c-aba57fbe6223', 'STOOLS FOR FULL REPORT ', 'SFR', '350.00', '', 'Stool', null, 'Biochemistry', true, '2026-05-05 03:44:37.846419+00', '2026-05-05 03:44:37.846419+00', 60, '200.00', null, null), ('50e81f18-4115-43d2-83ce-34f4c0bf1bbe', 'IONIZED CALCIUM', 'I- CAL', '1350.00', '', 'Blood', 'Red Top', 'Biochemistry', true, '2025-10-11 07:04:38.789402+00', '2026-05-28 02:23:13.89211+00', 30, '200.00', null, null), ('51639a1a-69be-4c28-b50a-a67901a813de', 'TRANSFERRIN ', 'TRANSFERRIN', '5250.00', '', 'Blood', 'Red Top', 'Serology', true, '2026-05-22 06:39:19.016829+00', '2026-05-22 06:39:19.016829+00', 60, '199.99', null, null), ('577a14f1-3e7f-4de7-a09b-daaa5e433e31', 'VENOUS BICARBONATE ', 'VENOUS BICARBONATE ', '799.00', '', 'Blood', 'Yellow Top', 'Biochemistry', true, '2026-05-23 08:20:35.873145+00', '2026-05-23 08:20:35.873145+00', 60, '200.00', null, null), ('579f0548-8d36-48f7-8306-8098ed3bb7a7', 'FILARIAL ANTIBODY TEST ', 'FAT', '850.00', '', 'Blood', 'Red Top', 'Serology', true, '2026-04-11 06:14:29.68601+00', '2026-04-11 06:15:26.873081+00', 60, '200.00', 'https://edhwbsvtgfmvkzcmfggt.supabase.co/storage/v1/object/sign/footer_img/FAT%20NEW.jpg?token=eyJraWQiOiJzdG9yYWdlLXVybC1zaWduaW5nLWtleV9mMjZiNGY4Yy0xZWJlLTRmZDUtYjFjMS0xNzdhYTJkZjE3ODIiLCJhbGciOiJIUzI1NiJ9.eyJ1cmwiOiJmb290ZXJfaW1nL0ZBVCBORVcuanBnIiwiaWF0IjoxNzc1ODg4MDkyLCJleHAiOjMzMzExODg4MDkyfQ.yzCYXdHulD1SnC1lCaLy4K4OzA_YsTcdAj5qYPdrpAo', null), ('57d08602-f06d-4c36-aac9-b551c26693c8', 'ANTI THYROID PEROXIDASE', 'PEROXIDASE', '7450.00', '', 'Blood', 'Red Top', 'Biochemistry', true, '2026-05-22 07:27:36.664572+00', '2026-05-22 07:27:36.664572+00', 60, '200.00', null, null), ('582d5736-fd3f-4698-9e46-10686e734567', 'RENAL  FUNCTION TEST', 'RFT', '5600.00', '', 'Blood', 'Red Top', 'Biochemistry', true, '2025-08-10 08:44:30.067552+00', '2025-10-26 13:06:34.094251+00', 30, '200.00', 'https://edhwbsvtgfmvkzcmfggt.supabase.co/storage/v1/object/sign/footer_img/rft.jpg?token=eyJraWQiOiJzdG9yYWdlLXVybC1zaWduaW5nLWtleV9mMjZiNGY4Yy0xZWJlLTRmZDUtYjFjMS0xNzdhYTJkZjE3ODIiLCJhbGciOiJIUzI1NiJ9.eyJ1cmwiOiJmb290ZXJfaW1nL3JmdC5qcGciLCJpYXQiOjE3NjE0ODM5ODAsImV4cCI6MzMzODI4Mzk4MH0.8R5MtVv5863CYci0OiTZDasMnkkEVJ-lKXHokf7KC-c', null), ('58eadf4e-f0ea-4c19-832a-5aa6fc9f50d6', 'PALM SWAB CULTURE', 'PALM SWAB CULTURE', '1000.00', '', null, null, 'Microbiology', true, '2025-10-25 07:40:15.537821+00', '2026-05-05 04:08:47.86236+00', 60, '300.00', null, null), ('590315f2-e711-4746-bd05-e03facd925e1', 'URINE ALBUMIN CREATININE RATIO', 'UACR', '1700.00', '', 'Urine', null, 'Biochemistry', true, '2026-05-07 01:53:55.271516+00', '2026-05-25 06:25:36.588681+00', 60, '200.00', 'https://edhwbsvtgfmvkzcmfggt.supabase.co/storage/v1/object/sign/Kany_report_ref/URINE%20ALBUMIN%20CREATININE%20RATIO.jpg?token=eyJraWQiOiJzdG9yYWdlLXVybC1zaWduaW5nLWtleV9mMjZiNGY4Yy0xZWJlLTRmZDUtYjFjMS0xNzdhYTJkZjE3ODIiLCJhbGciOiJIUzI1NiJ9.eyJ1cmwiOiJLYW55X3JlcG9ydF9yZWYvVVJJTkUgQUxCVU1JTiBDUkVBVElOSU5FIFJBVElPLmpwZyIsImlhdCI6MTc3OTY5MDI4MywiZXhwIjo0OTMzMjkwMjgzfQ.IbL_6aSyuApt6dMzii4rMDMs7ANYmvx8iJEWcRAXpwU', null), ('593f6fcc-199c-4ad7-b904-b71c47e3489d', 'URINE PROTINE CREATININE RATIO', 'UPCR', '1349.00', '', 'Urine', null, 'Biochemistry', true, '2025-08-30 10:52:32.919813+00', '2026-05-22 06:47:07.83671+00', 60, '200.00', null, null), ('5db5e7fd-1d3e-48c9-8c70-f02cb9cee4ac', 'URINE PREGNANCY TEST', 'URINE HCG', '300.00', '', 'Urine', null, null, true, '2025-08-10 11:10:09.995562+00', '2026-06-08 07:05:49.793309+00', 60, '200.00', null, null), ('5e53b382-f0b8-4358-8598-fdc2523d69f5', 'SERUM IRON', 'SERUM IRON', '1949.00', '', 'Blood', 'Red Top', 'Biochemistry', true, '2026-05-22 06:33:53.281738+00', '2026-05-22 06:33:53.281738+00', 60, '200.00', null, null), ('5f5d6950-aee2-43d3-a6fd-4f881ef90734', 'ALCOHOL LEVEL', 'ALCOHOL LEVEL', '4900.00', '', 'Blood', 'Red Top', 'Biochemistry', true, '2026-05-22 07:24:17.00776+00', '2026-05-22 07:24:17.00776+00', 60, '200.00', null, null), ('62810416-245e-43b0-9fcf-d9a3a077cfea', 'DENGUE ANTIGEN NS1 (RAPID)', 'DENGUE ANTIGEN', '1200.00', '', 'Blood', 'Green Top', null, true, '2025-08-30 10:54:21.281646+00', '2026-04-09 06:21:56.471114+00', 60, '200.00', 'https://edhwbsvtgfmvkzcmfggt.supabase.co/storage/v1/object/sign/footer_img/DENGUE%20ANTIGEN.jpg?token=eyJraWQiOiJzdG9yYWdlLXVybC1zaWduaW5nLWtleV9mMjZiNGY4Yy0xZWJlLTRmZDUtYjFjMS0xNzdhYTJkZjE3ODIiLCJhbGciOiJIUzI1NiJ9.eyJ1cmwiOiJmb290ZXJfaW1nL0RFTkdVRSBBTlRJR0VOLmpwZyIsImlhdCI6MTc3NTcxNTcwMywiZXhwIjozOTgzMjM1NzAzfQ.I_b6zufxaxZmX5flp_eG2RGyfMoRsG5eor23jWVWd5I', null), ('6599375a-b74d-468c-8256-1fa0cc9b7f6f', 'TOTAL  BILIRUBIN', 'BILIRUBIN T', '700.00', '', 'Blood', 'Red Top', 'Biochemistry', true, '2025-08-10 09:10:24.326389+00', '2026-04-11 06:23:23.823311+00', 30, '200.00', 'https://edhwbsvtgfmvkzcmfggt.supabase.co/storage/v1/object/sign/footer_img/BILIRUBIN%20TOTAL%20NEW.jpg?token=eyJraWQiOiJzdG9yYWdlLXVybC1zaWduaW5nLWtleV9mMjZiNGY4Yy0xZWJlLTRmZDUtYjFjMS0xNzdhYTJkZjE3ODIiLCJhbGciOiJIUzI1NiJ9.eyJ1cmwiOiJmb290ZXJfaW1nL0JJTElSVUJJTiBUT1RBTCBORVcuanBnIiwiaWF0IjoxNzc1ODg4NTg1LCJleHAiOjQ5Mjk0ODg1ODV9.qIVk-AMy8HabMO4lg-5o19QaMrozxRnehVgB79CFgbk', null), ('662decb3-7463-4abb-8371-704b217a859b', 'SERUM BETA HCG', 'BETA HCG', '3600.00', '', null, null, null, true, '2025-08-30 11:14:42.724827+00', '2025-09-16 03:45:24.388029+00', 30, '200.00', null, null), ('66d405a5-92f1-4f6c-848f-17c70615461d', 'Urine Albumin : CREATININE RATIO', 'URINE ALBUMIN', '1700.00', '', 'Urine', null, 'Biochemistry', true, '2025-10-11 06:49:38.594523+00', '2026-05-25 06:24:52.724318+00', 40, '200.00', 'https://edhwbsvtgfmvkzcmfggt.supabase.co/storage/v1/object/sign/Kany_report_ref/URINE%20ALBUMIN%20CREATININE%20RATIO.jpg?token=eyJraWQiOiJzdG9yYWdlLXVybC1zaWduaW5nLWtleV9mMjZiNGY4Yy0xZWJlLTRmZDUtYjFjMS0xNzdhYTJkZjE3ODIiLCJhbGciOiJIUzI1NiJ9.eyJ1cmwiOiJLYW55X3JlcG9ydF9yZWYvVVJJTkUgQUxCVU1JTiBDUkVBVElOSU5FIFJBVElPLmpwZyIsImlhdCI6MTc3OTY5MDI4MywiZXhwIjo0OTMzMjkwMjgzfQ.IbL_6aSyuApt6dMzii4rMDMs7ANYmvx8iJEWcRAXpwU', null), ('6aafb065-ca7f-4728-a597-f1ebce31d5b7', 'SODIUM SERUM', 'SODIUM', '1350.00', '', 'Blood', 'Red Top', 'Biochemistry', true, '2026-05-05 08:16:46.655364+00', '2026-05-05 08:16:46.655364+00', 60, '200.00', null, null), ('6eccf0e5-4a62-4504-8639-f8ab7d0723f6', 'FBC', 'FBC', '400.00', '..', 'Blood', 'Green Top', 'Hematology', true, '2025-08-08 18:51:46.435104+00', '2026-03-10 06:20:54.482693+00', 60, '200.00', null, null), ('720c6d65-9cd4-4dd7-a7e9-07129aa05dda', 'ANA TITRE', 'ANA ( TITRE)', '9000.00', '', 'Blood', 'Red Top', 'Immunology', true, '2026-05-22 06:51:16.131824+00', '2026-05-22 06:51:16.131824+00', 60, '200.00', null, null), ('7312fab3-c2bc-47da-b08c-fa6cfb8d3101', 'SERUM ELECTROLYTE', 'SE', '1350.00', '', null, null, null, true, '2025-08-30 10:05:37.065829+00', '2026-05-25 06:23:10.338825+00', 60, '200.00', 'https://edhwbsvtgfmvkzcmfggt.supabase.co/storage/v1/object/sign/Kany_report_ref/SERUM%20ELECTROLYTES.jpg?token=eyJraWQiOiJzdG9yYWdlLXVybC1zaWduaW5nLWtleV9mMjZiNGY4Yy0xZWJlLTRmZDUtYjFjMS0xNzdhYTJkZjE3ODIiLCJhbGciOiJIUzI1NiJ9.eyJ1cmwiOiJLYW55X3JlcG9ydF9yZWYvU0VSVU0gRUxFQ1RST0xZVEVTLmpwZyIsImlhdCI6MTc3OTY5MDE4NCwiZXhwIjozMzMxNTY5MDE4NH0.YtdJjLhICAznEA65e_yXmsJ3lBtwGYt8jcjlr9OKRbk', null), ('73dbfea2-f9d0-4557-8e3e-b68fa5033b6f', 'PROTEIN ELECTROPHORESIS - SERUM', 'ELECTROPHORESIS', '5950.00', '', 'Blood', 'Red Top', 'Serology', true, '2026-05-22 08:03:40.948355+00', '2026-05-22 08:03:40.948355+00', 60, '199.99', null, null), ('74d5c025-aa86-49c5-b03c-671de7302f7d', 'UNEXPECTED ANTIBODIES ', 'UNEXPECTED AB', '6600.00', '', 'Blood', 'Red Top', 'Serology', true, '2026-05-22 08:15:45.024444+00', '2026-05-22 08:15:45.024444+00', 60, '199.99', null, null), ('7893dc06-3263-4c58-9193-9bf3b3502477', 'FSH', 'FSH', '2950.00', '', 'Blood', 'Red Top', 'Biochemistry', true, '2026-05-22 07:39:18.086967+00', '2026-05-25 06:14:09.872729+00', 60, '199.99', 'https://edhwbsvtgfmvkzcmfggt.supabase.co/storage/v1/object/sign/Kany_report_ref/FOLLICULAR%20STIMULATING%20HORMONE.jpg?token=eyJraWQiOiJzdG9yYWdlLXVybC1zaWduaW5nLWtleV9mMjZiNGY4Yy0xZWJlLTRmZDUtYjFjMS0xNzdhYTJkZjE3ODIiLCJhbGciOiJIUzI1NiJ9.eyJ1cmwiOiJLYW55X3JlcG9ydF9yZWYvRk9MTElDVUxBUiBTVElNVUxBVElORyBIT1JNT05FLmpwZyIsImlhdCI6MTc3OTY4OTYzMiwiZXhwIjo0OTMzMjg5NjMyfQ.mX9WZ9w12zAFnacMCsqJ79MqjiOAHH486oUk5t_NrWM', null), ('7cb24395-b5ae-4ed5-8d7c-8b483b28d349', 'HAEMOGLOBIN', 'HB', '400.00', '', null, null, null, true, '2025-10-25 07:58:32.3241+00', '2025-10-28 09:02:01.787403+00', 60, '10.00', null, null), ('7cc28c42-0259-45fe-9eff-7fb81922bd1e', 'STOOL CALPROTCTIN & LACTOFERRIN ', 'CALPROTCTIN & LACTOFERRIN ', '5100.00', '', 'Stool', null, null, true, '2026-05-22 08:12:46.742343+00', '2026-05-22 08:12:46.742343+00', 60, '199.99', null, null), ('810a38d1-462d-45d2-825a-57fcd00e5cc4', 'POTASSIUM ( K )', 'POTASSIUM', '1349.00', '', 'Blood', 'Red Top', 'Biochemistry', true, '2026-05-05 08:10:13.947652+00', '2026-05-22 08:01:07.032061+00', 60, '200.00', null, null), ('83a06cff-27dc-4fb7-8553-9c53024ecddf', 'INSULIN LEVEL - FASTING', 'INSULIN LEVEL', '6800.00', '', 'Blood', 'Red Top', 'Serology', true, '2026-05-22 07:53:42.732147+00', '2026-05-22 07:53:42.732147+00', 60, '200.00', null, null), ('87db811b-b7bf-4618-974c-49c55aa915b5', 'SPUTUM FOR AFB', 'AFB', '1050.00', '', null, null, 'Microbiology', true, '2026-05-22 06:43:48.27139+00', '2026-05-22 06:43:48.27139+00', 60, '200.00', null, null), ('88acf809-06b7-4891-a428-d483e7c4af2e', 'SGPT (ALT)', 'SGPT (ALT)', '650.00', '..', 'Blood', 'Red Top', 'Biochemistry', true, '2025-12-28 03:34:28.462924+00', '2025-12-29 05:55:37.876218+00', 60, '100.00', null, null), ('89582ff2-9574-4f20-babf-fee76576cc66', 'TSH', 'TSH', '1800.00', '', 'Blood', 'Red Top', null, true, '2025-08-10 09:08:45.25285+00', '2026-05-25 06:23:48.672992+00', 30, '200.00', 'https://edhwbsvtgfmvkzcmfggt.supabase.co/storage/v1/object/sign/Kany_report_ref/THYROID%20STIMULATING%20HORMONE.jpg?token=eyJraWQiOiJzdG9yYWdlLXVybC1zaWduaW5nLWtleV9mMjZiNGY4Yy0xZWJlLTRmZDUtYjFjMS0xNzdhYTJkZjE3ODIiLCJhbGciOiJIUzI1NiJ9.eyJ1cmwiOiJLYW55X3JlcG9ydF9yZWYvVEhZUk9JRCBTVElNVUxBVElORyBIT1JNT05FLmpwZyIsImlhdCI6MTc3OTY5MDIwNSwiZXhwIjo0OTMzMjkwMjA1fQ.50q4gZIWv7MJBXhZDWdHmvCdKSnzTT4YTJC9nVr8LPE', null), ('8b2f82a2-dbcd-4946-9821-5dbb6d009275', 'ALKALINE PHOSPHATASE', 'ALP', '900.00', '', 'Blood', 'Red Top', 'Biochemistry', true, '2026-05-22 07:25:12.731568+00', '2026-05-22 07:25:12.731568+00', 60, '200.00', null, null), ('8ccceb0a-ffb7-4664-b43e-1657ea9848aa', 'SPUTUM FULL REPORT', 'SPUTUM FR', '800.00', '', null, null, null, true, '2026-05-22 08:09:21.273913+00', '2026-05-22 08:09:21.273913+00', 60, '200.00', null, null), ('8cdf6124-b2bb-4c5c-8434-63ee913afee0', 'IRON SATURATION LEVEL', 'IRON SATURATION', '5200.00', '', 'Blood', 'Red Top', 'Serology', true, '2026-05-22 07:54:56.454407+00', '2026-05-22 07:54:56.454407+00', 60, '200.00', null, null), ('8e41a572-f85d-4dcd-946d-e5a6ae9694c7', 'HEPATITIS A ANTIBODY IgG & IgM', 'HEP A IgG & IgM AB', '3700.00', '', 'Blood', 'Red Top', 'Serology', true, '2026-05-22 07:46:47.845897+00', '2026-05-25 06:16:27.285489+00', 60, '200.00', 'https://edhwbsvtgfmvkzcmfggt.supabase.co/storage/v1/object/sign/Kany_report_ref/HEPATITIS%20B%20SURFACE%20ANTIGEN.jpg?token=eyJraWQiOiJzdG9yYWdlLXVybC1zaWduaW5nLWtleV9mMjZiNGY4Yy0xZWJlLTRmZDUtYjFjMS0xNzdhYTJkZjE3ODIiLCJhbGciOiJIUzI1NiJ9.eyJ1cmwiOiJLYW55X3JlcG9ydF9yZWYvSEVQQVRJVElTIEIgU1VSRkFDRSBBTlRJR0VOLmpwZyIsImlhdCI6MTc3OTY4OTY5OCwiZXhwIjo0OTMzMjg5Njk4fQ.l35XmnMvtcyNgnmRjthJNCUyBTiiaR83UZz328zL934', null), ('8f3f216f-b285-4e1a-9dcd-9fd1e5e17642', 'BLEEDING TIME', 'BT', '350.00', '', null, null, null, true, '2025-08-30 10:41:04.83566+00', '2025-09-16 03:45:24.388029+00', 30, '200.00', null, null), ('918e122a-df99-407c-be10-2f8f10216dbe', 'RHESUS ANTIBODY TEST ( RHAb ) ', 'RHAb', '3600.00', '', 'Blood', 'Red Top', 'Immunology', true, '2025-08-30 10:59:19.320455+00', '2026-05-05 08:13:55.508502+00', 60, '200.00', null, null), ('91b764ca-fc8a-4114-897f-e325686a3b0d', 'OGCT', 'OGCT', '300.00', '', 'Blood', null, null, true, '2025-08-10 11:12:00.579615+00', '2025-09-16 03:45:24.388029+00', 30, '200.00', null, null), ('92d352eb-9b53-4db2-95cd-e8b3faf79878', 'SPUTUM FOR AFB', 'SPUTUM FOR AFB', '1100.00', '', null, null, null, true, '2025-08-30 11:09:46.022116+00', '2025-09-16 03:45:24.388029+00', 30, '200.00', null, null), ('9517c4cb-95fa-4aa5-86bd-2babfe6d59ce', 'TOTAL  PROTIEN  ', 'TOTAL PROTIEN', '900.00', '', 'Blood', 'Red Top', null, true, '2025-08-10 09:23:50.556538+00', '2026-03-10 08:31:41.157178+00', 30, '200.00', null, null), ('97475a33-63a4-4b64-8ff1-ead362afd15e', 'SCHOLASTIC ASSESSMENT TEST', 'SAT', '850.00', '', 'Blood', 'Red Top', null, true, '2025-08-11 02:30:09.678774+00', '2025-10-21 04:36:10.902862+00', 30, '200.00', 'https://edhwbsvtgfmvkzcmfggt.supabase.co/storage/v1/object/sign/footer_img/SAT%201.JPG?token=eyJraWQiOiJzdG9yYWdlLXVybC1zaWduaW5nLWtleV9mMjZiNGY4Yy0xZWJlLTRmZDUtYjFjMS0xNzdhYTJkZjE3ODIiLCJhbGciOiJIUzI1NiJ9.eyJ1cmwiOiJmb290ZXJfaW1nL1NBVCAxLkpQRyIsImlhdCI6MTc2MTAyMTM1NywiZXhwIjozMzM3ODIxMzU3fQ.o99EOMjR6G7gcOYpOJ_LWKuiLFvKWfqtlkf9m0ZpT7o', null), ('97a7d1b0-9a12-4373-b8bc-a81549cc6aa2', 'PLASMA GLUCOSE LEVEL - FASTING & POST PRANDIAL ', 'FBS & ABF & AL', '800.00', '', 'Blood', 'Purple Top', 'Biochemistry', true, '2026-03-12 07:21:57.804957+00', '2026-03-12 07:21:57.804957+00', 60, '200.00', null, null), ('99ac9480-663d-4c86-9467-e9260aa566e2', 'ASOT', 'ASOT', '1000.00', '', 'Blood', 'Red Top', 'Serology', true, '2026-05-22 07:28:25.884071+00', '2026-05-22 07:28:25.884071+00', 60, '199.99', null, null), ('9a1239ae-6aaa-48da-957a-3cf60f9e2ea6', 'CPK', 'CPK', '1100.00', '', 'Blood', 'Red Top', 'Biochemistry', true, '2025-10-03 04:05:23.151314+00', '2026-05-05 08:02:37.00859+00', 60, '200.00', null, null), ('9c464897-2e7d-4292-89a7-d7d0152e7dc3', 'ANA IFA METHOD', 'ANA ( IFA )', '4300.00', '', 'Blood', 'Red Top', 'Immunology', true, '2026-05-22 07:26:02.063931+00', '2026-05-22 07:26:02.063931+00', 60, '200.00', null, null), ('9dc090f7-8400-40fb-8922-7a8ef85f0cb1', 'HEPATITIS B SURFACE ANTIBODY ', 'ANTI HBsAB', '9950.00', '', 'Blood', 'Red Top', 'Serology', true, '2026-05-22 07:49:06.642491+00', '2026-05-22 07:49:06.642491+00', 60, '200.00', null, null), ('9f567b2c-b8cb-45b8-8f74-65263e2aef4f', 'THYROID ANTIBODY', 'T ANTTIBODY', '12500.00', '', 'Blood', 'Red Top', 'Serology', true, '2026-05-22 06:37:20.417678+00', '2026-05-22 06:37:20.417678+00', 60, '200.00', null, null), ('9ffd6bdc-6bf4-42a3-86ce-3501363f9afc', 'HBA1C', 'HBA1C', '2250.00', '', 'Blood', 'Green Top', 'Biochemistry', true, '2025-08-09 03:55:40.613462+00', '2026-05-25 06:14:42.539449+00', 30, '200.00', 'https://edhwbsvtgfmvkzcmfggt.supabase.co/storage/v1/object/sign/Kany_report_ref/HBA1CC.jpg?token=eyJraWQiOiJzdG9yYWdlLXVybC1zaWduaW5nLWtleV9mMjZiNGY4Yy0xZWJlLTRmZDUtYjFjMS0xNzdhYTJkZjE3ODIiLCJhbGciOiJIUzI1NiJ9.eyJ1cmwiOiJLYW55X3JlcG9ydF9yZWYvSEJBMUNDLmpwZyIsImlhdCI6MTc3OTY4OTY3NSwiZXhwIjo0OTMzMjg5Njc1fQ.vFim0gn6vRW_FXdAu8enbSjddco0lXZ8A6eSdscyfPQ', null), ('a08cec7c-4c76-48d7-b2c1-9bb60ffd4eb5', 'FERRITIN', 'FERRITIN', '2250.00', '', null, null, null, true, '2025-08-30 10:38:30.874455+00', '2026-05-25 06:13:37.385701+00', 30, '200.00', 'https://edhwbsvtgfmvkzcmfggt.supabase.co/storage/v1/object/sign/Kany_report_ref/FERRITIN.jpeg?token=eyJraWQiOiJzdG9yYWdlLXVybC1zaWduaW5nLWtleV9mMjZiNGY4Yy0xZWJlLTRmZDUtYjFjMS0xNzdhYTJkZjE3ODIiLCJhbGciOiJIUzI1NiJ9.eyJ1cmwiOiJLYW55X3JlcG9ydF9yZWYvRkVSUklUSU4uanBlZyIsImlhdCI6MTc3OTY4OTYxMSwiZXhwIjo0OTMzMjg5NjExfQ.kIBdfcFVn0GNRG7AMw9DIvfLiLRBziwP4gRq2Bl6xnc', null), ('a0f4f5bf-7124-47e2-a3f2-497b50fcd38d', 'CREATININE ', 'CREATININE ', '650.00', '.', 'Blood', 'Red Top', 'Biochemistry', true, '2025-08-09 03:20:45.113847+00', '2026-04-11 03:47:48.042615+00', 60, '200.00', 'https://edhwbsvtgfmvkzcmfggt.supabase.co/storage/v1/object/sign/footer_img/CREATININE.jpg?token=eyJraWQiOiJzdG9yYWdlLXVybC1zaWduaW5nLWtleV9mMjZiNGY4Yy0xZWJlLTRmZDUtYjFjMS0xNzdhYTJkZjE3ODIiLCJhbGciOiJIUzI1NiJ9.eyJ1cmwiOiJmb290ZXJfaW1nL0NSRUFUSU5JTkUuanBnIiwiaWF0IjoxNzc1ODc5MjUyLCJleHAiOjQ2MTQxMTkyNTJ9.4yukr6fQ-JvxLwVNF2qQDwbKv_5ewoElAfnyj4v85IQ', null), ('a21224ce-eaa9-40ce-8938-47a78fc73eb4', 'WOUND SWAB FOR CULTURE & ABST', 'WOUND SWAB CULTURE', '2100.00', '', null, null, 'Microbiology', true, '2026-05-22 08:18:24.484582+00', '2026-05-22 08:18:24.484582+00', 60, '200.00', null, null), ('a28e728e-2654-4bd6-a78f-84c18638d2f8', 'CA125', 'CA125', '9500.00', '', null, null, null, true, '2025-08-30 11:17:02.476879+00', '2025-09-16 03:45:24.388029+00', 30, '200.00', null, null), ('a2d0b54d-d5a9-446d-b62d-64ee789c04ae', 'BLOOD UREA', 'BU', '850.00', '', 'Blood', 'Red Top', null, true, '2025-08-30 10:26:26.6488+00', '2026-05-25 06:12:08.16907+00', 60, '200.00', 'https://edhwbsvtgfmvkzcmfggt.supabase.co/storage/v1/object/sign/Kany_report_ref/BLOOD%20UREAA.jpg?token=eyJraWQiOiJzdG9yYWdlLXVybC1zaWduaW5nLWtleV9mMjZiNGY4Yy0xZWJlLTRmZDUtYjFjMS0xNzdhYTJkZjE3ODIiLCJhbGciOiJIUzI1NiJ9.eyJ1cmwiOiJLYW55X3JlcG9ydF9yZWYvQkxPT0QgVVJFQUEuanBnIiwiaWF0IjoxNzc5Njg5NTE3LCJleHAiOjQ5MzMyODk1MTd9.FyY6Ut3HM1oAcHP2hi4AUyF3sR7A5qyLyjUXysvGXDA', null), ('a5cc026a-8300-4b30-9688-4b483846c5af', 'DENGUE ANTIBODY IgM/IgG (RAPID)', 'DENGUE ANTIBODY', '2950.00', '', null, null, null, true, '2025-08-30 10:55:42.739567+00', '2026-04-11 03:34:09.917535+00', 30, '200.00', 'https://edhwbsvtgfmvkzcmfggt.supabase.co/storage/v1/object/sign/footer_img/Dengue%20ab%20new.jpg?token=eyJraWQiOiJzdG9yYWdlLXVybC1zaWduaW5nLWtleV9mMjZiNGY4Yy0xZWJlLTRmZDUtYjFjMS0xNzdhYTJkZjE3ODIiLCJhbGciOiJIUzI1NiJ9.eyJ1cmwiOiJmb290ZXJfaW1nL0Rlbmd1ZSBhYiBuZXcuanBnIiwiaWF0IjoxNzc1ODc4NDM2LCJleHAiOjQ2MTQxMTg0MzZ9.zP8iq0LOQbYT69A5STF9QeQlXp1DcpZ6PVPrpGk9HvQ', null), ('a6840dbc-2538-4118-9940-49da2f44f36d', 'C REACTIVE PROTIEN (CRP)', 'CRP', '800.00', '', 'Blood', 'Red Top', null, true, '2025-08-10 10:54:03.199788+00', '2026-04-09 06:29:33.170659+00', 60, '200.00', 'https://edhwbsvtgfmvkzcmfggt.supabase.co/storage/v1/object/sign/footer_img/C-REACTIVE%20PROTEIN%20-%20QUANTITATIVE.jpg?token=eyJraWQiOiJzdG9yYWdlLXVybC1zaWduaW5nLWtleV9mMjZiNGY4Yy0xZWJlLTRmZDUtYjFjMS0xNzdhYTJkZjE3ODIiLCJhbGciOiJIUzI1NiJ9.eyJ1cmwiOiJmb290ZXJfaW1nL0MtUkVBQ1RJVkUgUFJPVEVJTiAtIFFVQU5USVRBVElWRS5qcGciLCJpYXQiOjE3NzU3MTYxNTcsImV4cCI6Mzk4MzIzNjE1N30.I9sqSPoIj3_5gFOzWQDXSoJITEcfGnelvFgO-R5Ph2g', null), ('a784e3ef-524c-435c-82b2-5f28bb9f45e5', 'URINE CALCIUM CREATINE RATIO', 'U Ca/Cre ', '2850.00', '', 'Urine', null, 'Biochemistry', true, '2026-05-22 06:48:21.353607+00', '2026-05-22 06:48:21.353607+00', 60, '200.00', null, null), ('a8ca44f6-64c9-4b15-9e97-fbbb80f2caac', 'OGCT 75G (2 HOURS )', 'OGCT', '300.00', '', null, null, null, true, '2025-08-30 10:29:50.489171+00', '2025-09-16 03:45:24.388029+00', 30, '200.00', null, null), ('b00aba6b-a861-4dff-b5f4-d0af5d2ed28a', 'POST PRANDIAL PLASMA GLUCOSE ', 'PPBS ( TEST 3 )', '800.00', '', 'Blood', 'Purple Top', 'Biochemistry', true, '2026-03-12 07:32:57.69744+00', '2026-04-11 03:45:39.762995+00', 60, '200.00', 'https://edhwbsvtgfmvkzcmfggt.supabase.co/storage/v1/object/sign/footer_img/PPBS%20ALL%20NEW.jpg?token=eyJraWQiOiJzdG9yYWdlLXVybC1zaWduaW5nLWtleV9mMjZiNGY4Yy0xZWJlLTRmZDUtYjFjMS0xNzdhYTJkZjE3ODIiLCJhbGciOiJIUzI1NiJ9.eyJ1cmwiOiJmb290ZXJfaW1nL1BQQlMgQUxMIE5FVy5qcGciLCJpYXQiOjE3NzU4NzkwMDEsImV4cCI6NDYxNDExOTAwMX0.zYX5Ra97aznoO83WCsLkASJP2M8SMwNUb4GBcc9Smdg', null), ('b0778c6b-01d3-4644-8e2f-9b6c95ad1c4e', 'ULTRA PREGNANCY', 'ULTRA PREGNANCY', '200.00', '', 'Urine', null, null, true, '2025-10-06 08:34:18.16404+00', '2025-10-06 08:34:18.16404+00', 30, '30.00', null, null), ('b2f64dd4-aa22-4f62-9a82-7fe64257e452', 'WBC/DC', 'WBC/DC', '400.00', '', null, null, null, true, '2025-08-30 11:00:44.503227+00', '2025-09-16 03:45:24.388029+00', 30, '200.00', null, null), ('b3ca9595-a144-4bea-a219-c315b6f95a59', 'TOTAL & DIRECT BILIRUBIN', 'BILIRUBIN T & D', '1400.00', '', 'Blood', 'Red Top', 'Biochemistry', true, '2025-08-10 09:15:23.563224+00', '2026-04-11 06:05:00.54032+00', 30, '200.00', 'https://edhwbsvtgfmvkzcmfggt.supabase.co/storage/v1/object/sign/footer_img/BILIRUBIN%20DIRECT%20&%20TOTAL%20NEW.jpg?token=eyJraWQiOiJzdG9yYWdlLXVybC1zaWduaW5nLWtleV9mMjZiNGY4Yy0xZWJlLTRmZDUtYjFjMS0xNzdhYTJkZjE3ODIiLCJhbGciOiJIUzI1NiJ9.eyJ1cmwiOiJmb290ZXJfaW1nL0JJTElSVUJJTiBESVJFQ1QgJiBUT1RBTCBORVcuanBnIiwiaWF0IjoxNzc1ODg3NDQ3LCJleHAiOjQ2MTQxMjc0NDd9.JflDu0ysPdrVkrNWnNQILMuFJLMWaRwJaalHpXUC0zA', null), ('b562fd3c-6597-405f-a886-116b44d1c02e', 'THYROGLOBULIN STUDIES ', 'TG', '7700.00', '', 'Blood', 'Red Top', 'Serology', true, '2026-05-22 06:36:22.377767+00', '2026-05-22 06:36:22.377767+00', 60, '200.00', null, null), ('b9e5bbfe-96d0-400f-97bc-a449b3c2a9aa', 'VITAMIN D LEVEL ', 'VIT D ', '10100.00', '', 'Blood', 'Red Top', 'Serology', true, '2026-05-22 08:17:20.813758+00', '2026-05-22 08:17:20.813758+00', 60, '199.99', null, null), ('ba643e33-6ec9-4de7-b9d2-e266102cbb40', 'LIVER PROFILE', 'LFT', '3500.00', '', 'Blood', 'Red Top', 'Biochemistry', true, '2025-08-09 08:15:16.937508+00', '2026-01-08 07:34:35.301461+00', 60, '200.00', null, null), ('bc2c3d4b-4212-4432-8206-377d785116bd', 'HPLC', 'HPLC', '6800.00', '', null, null, null, true, '2025-08-30 10:39:06.222414+00', '2025-09-16 03:45:24.388029+00', 30, '200.00', null, null), ('bd27557f-7a94-46ea-a570-7030a7d282f2', 'POSTPARANDIAL BLOOD SUGAR -AFTER DINNER', 'PPBS-PD', '180.00', '', 'Blood', 'Purple Top', 'Biochemistry', true, '2025-10-25 14:43:24.434639+00', '2026-04-11 03:45:07.542562+00', 60, '10.00', 'https://edhwbsvtgfmvkzcmfggt.supabase.co/storage/v1/object/sign/footer_img/PPBS%20ALL%20NEW.jpg?token=eyJraWQiOiJzdG9yYWdlLXVybC1zaWduaW5nLWtleV9mMjZiNGY4Yy0xZWJlLTRmZDUtYjFjMS0xNzdhYTJkZjE3ODIiLCJhbGciOiJIUzI1NiJ9.eyJ1cmwiOiJmb290ZXJfaW1nL1BQQlMgQUxMIE5FVy5qcGciLCJpYXQiOjE3NzU4NzkwMDEsImV4cCI6NDYxNDExOTAwMX0.zYX5Ra97aznoO83WCsLkASJP2M8SMwNUb4GBcc9Smdg', null), ('bfdd6bac-c05f-4f06-8ba0-fa0e995ea3fe', 'ALPHA FETOPROTIEN', 'AFP', '5500.00', '', null, null, null, true, '2025-08-30 11:13:07.773955+00', '2025-09-16 03:45:24.388029+00', 30, '200.00', null, null), ('c0934760-7bbc-4eda-9284-f069e0c28402', 'BLOOD SUGAR SERIES', 'BSS', '1200.00', '', 'Blood', 'Purple Top', 'Biochemistry', true, '2026-01-20 17:12:20.065291+00', '2026-02-23 05:39:50.267474+00', 60, '200.00', null, null), ('c189ffa6-4553-492c-a524-548adb2af4df', 'CERULOPLASMIN LEVEL', 'CERULOPLASMIN', '11200.00', '', 'Blood', 'Red Top', 'Serology', true, '2026-05-22 07:33:41.962445+00', '2026-05-22 07:33:41.962445+00', 60, '200.00', null, null), ('c1a8aec5-2624-4acc-a6ab-65e76a0719f9', 'NASAL SWAB CULTURE', 'NASAL SWAB CULTURE', '1000.00', '', null, null, 'Microbiology', true, '2025-08-30 11:11:58.318137+00', '2026-05-05 04:06:47.931911+00', 60, '200.00', null, null), ('c20f8797-54a9-42e1-a157-a7ba988e7fc5', 'ESTIMATED GLOMERULAR FILTRATION RATE', 'EGFR', '650.00', '.', 'Blood', 'Green Top', 'Hematology', true, '2025-10-10 15:31:27.282805+00', '2026-04-09 10:23:39.16411+00', 30, '200.00', 'https://edhwbsvtgfmvkzcmfggt.supabase.co/storage/v1/object/sign/footer_img/EGFR%20new.jpg?token=eyJraWQiOiJzdG9yYWdlLXVybC1zaWduaW5nLWtleV9mMjZiNGY4Yy0xZWJlLTRmZDUtYjFjMS0xNzdhYTJkZjE3ODIiLCJhbGciOiJIUzI1NiJ9.eyJ1cmwiOiJmb290ZXJfaW1nL0VHRlIgbmV3LmpwZyIsImlhdCI6MTc3NTczMDE5MCwiZXhwIjo0Mjk4NjEwMTkwfQ.rIKUOK92C8-kzEjklUCcSj831ykZibOwiriUXK6AJlU', null), ('c4fe1ac2-3128-4afa-aac3-6e17150b8e62', 'LITHIUM SERUM', 'LITHIUM', '3500.00', '', 'Blood', 'Red Top', 'Biochemistry', true, '2026-05-22 07:56:48.941729+00', '2026-05-22 07:56:48.941729+00', 60, '200.00', null, null), ('c50b381f-32b6-4054-bf94-0e006ae5cd02', 'VDRL', 'VDRL', '650.00', '', 'Blood', 'Red Top', 'Immunology', true, '2025-08-10 08:41:27.181391+00', '2026-05-23 06:19:20.586506+00', 60, '200.00', null, null), ('c5e4e62f-2fe7-48a4-9665-faa6f55a2392', 'TROPONIN  I', 'TROP I', '2400.00', '', 'Blood', 'Red Top', 'Biochemistry', true, '2025-08-10 09:00:05.903992+00', '2026-04-11 05:45:35.772231+00', 60, '200.00', 'https://edhwbsvtgfmvkzcmfggt.supabase.co/storage/v1/object/sign/footer_img/TROP%20I%20new.jpg?token=eyJraWQiOiJzdG9yYWdlLXVybC1zaWduaW5nLWtleV9mMjZiNGY4Yy0xZWJlLTRmZDUtYjFjMS0xNzdhYTJkZjE3ODIiLCJhbGciOiJIUzI1NiJ9.eyJ1cmwiOiJmb290ZXJfaW1nL1RST1AgSSBuZXcuanBnIiwiaWF0IjoxNzc1ODg2Mjk3LCJleHAiOjQ2MTQxMjYyOTd9.CDZC3-FqJPccVBZHkZtkB_9TaE57UJf45OH-Lmr97FU', null), ('c7223a4b-38ee-4bf1-953d-357d1d70b2de', 'GGT', 'GGT', '800.00', '', 'Blood', 'Red Top', null, true, '2025-08-10 10:52:23.908598+00', '2025-09-16 03:45:24.388029+00', 30, '200.00', null, null), ('c7d0f7da-0b86-4a61-a880-3ba9298dde18', 'BLEEDING TIME & CLOTTING TIME', 'BT/CT', '700.00', '', null, null, null, true, '2025-08-30 10:42:24.24437+00', '2025-09-16 03:45:24.388029+00', 30, '200.00', null, null), ('c8ef76c2-3a25-44bd-909f-30aea43f6ac9', 'Seminal Fluid Analysis', 'SFA', '1100.00', '', null, null, 'Biochemistry', true, '2026-02-23 05:47:57.776256+00', '2026-02-23 05:47:57.776256+00', 60, '200.00', null, null), ('ca14cf4b-24a6-413d-8b7e-3dd200d8362f', 'HEPATITIS A ANTIBODY IgG', 'HEP IgG AB', '3700.00', '', 'Blood', 'Red Top', 'Serology', true, '2026-05-22 07:44:29.835213+00', '2026-05-22 07:44:29.835213+00', 60, '200.00', null, null), ('cbe75a6c-e0a7-47ab-80c6-50afc3ea7d03', 'BILIRUBIN DIRECT', 'D BIL', '1000.00', '', 'Blood', 'Red Top', 'Biochemistry', true, '2026-05-22 07:30:12.424078+00', '2026-05-22 07:30:12.424078+00', 59, '200.00', null, null), ('cd7a51a8-93ae-405a-9a7c-924fa9ee8415', 'PROSTATIC SPECIFIC ANTIGEN', 'PSA', '8450.00', '', null, null, null, true, '2025-08-30 11:16:18.2108+00', '2025-09-16 03:45:24.388029+00', 30, '200.00', null, null), ('cdde7336-93ea-4c22-bf4f-ea7f678e3916', 'HEPATITIS C ANTIBODY', 'HEP C AB', '4100.00', '', 'Blood', 'Red Top', 'Serology', true, '2026-05-22 07:49:53.191961+00', '2026-05-22 07:49:53.191961+00', 60, '200.00', null, null), ('d0c9cb1c-0c9f-4820-95d7-4e6cd5820385', 'STOOL FOR CULTUE & ABST', 'STOOL CULTURE', '2500.00', '', 'Stool', null, 'Microbiology', true, '2026-05-23 08:22:15.249418+00', '2026-05-23 08:22:15.249418+00', 58, '199.99', null, null), ('d44a4693-828b-4130-bbd1-df15de086494', 'BLOOD  GROUP', 'BG', '650.00', '', 'Blood', 'Green Top', 'Hematology', true, '2025-08-10 08:30:29.681673+00', '2026-05-19 11:23:06.454929+00', 30, '200.00', null, null), ('d46ffe88-e3fc-4aac-88ba-f099b7d05331', 'HEPATITIS A  ANTIBODY  IgM', 'HEP IgM AB', '3700.00', '', 'Blood', 'Red Top', 'Serology', true, '2026-05-22 07:45:49.486346+00', '2026-05-22 07:45:49.486346+00', 60, '199.99', null, null), ('d6768cb7-bc9e-4aa7-8480-083c40112d38', 'FAECES FOR OCCULT BLOOD TEST', 'FOBT', '100.00', '', null, null, null, true, '2025-10-10 16:50:43.317964+00', '2025-10-25 08:16:25.178368+00', 1, '20.00', 'https://edhwbsvtgfmvkzcmfggt.supabase.co/storage/v1/object/sign/footer_img/STOOL%20OCCAL%20BLOOD%20FOBT.jpg?token=eyJraWQiOiJzdG9yYWdlLXVybC1zaWduaW5nLWtleV9mMjZiNGY4Yy0xZWJlLTRmZDUtYjFjMS0xNzdhYTJkZjE3ODIiLCJhbGciOiJIUzI1NiJ9.eyJ1cmwiOiJmb290ZXJfaW1nL1NUT09MIE9DQ0FMIEJMT09EIEZPQlQuanBnIiwiaWF0IjoxNzYxMzgwMTUxLCJleHAiOjMzMzgxODAxNTF9.3foKgzAL4yN5s9zeont2zUjfZOfItPWrqRSw9-KbcHY', null), ('d683c8f0-f901-465d-bb3d-1fee6282ebca', 'LIPID PROFILE', 'LIPID', '1000.00', '..', 'Blood', 'Red Top', 'Biochemistry', true, '2025-08-09 03:04:21.284856+00', '2026-04-09 06:13:07.744932+00', 60, '200.00', 'https://edhwbsvtgfmvkzcmfggt.supabase.co/storage/v1/object/sign/footer_img/lipid.jpg?token=eyJraWQiOiJzdG9yYWdlLXVybC1zaWduaW5nLWtleV9mMjZiNGY4Yy0xZWJlLTRmZDUtYjFjMS0xNzdhYTJkZjE3ODIiLCJhbGciOiJIUzI1NiJ9.eyJ1cmwiOiJmb290ZXJfaW1nL2xpcGlkLmpwZyIsImlhdCI6MTc3NTcxNTE0MiwiZXhwIjozMzUyNTE1MTQyfQ.LXtIU0QZDbUC7Lekb1lnA_BcGiFsZFO3uFeaebK96Kk', null), ('d7668fd0-0519-4848-a576-cec2fed36083', 'CORTISOL', 'CORTISOL', '6000.00', '', 'Blood', 'Red Top', 'Biochemistry', true, '2026-05-22 07:34:29.659732+00', '2026-05-22 07:34:29.659732+00', 60, '200.00', null, null), ('d7a1c6ad-3a58-4796-9256-46b22ed0b70d', 'URIC ACID', 'URIC ACID', '800.00', '', 'Blood', 'Red Top', null, true, '2025-09-25 03:49:00.916556+00', '2025-09-25 03:49:00.916556+00', null, null, null, null), ('d8ce200d-7a01-4f04-8fcc-6fa82ab7797c', 'POSTPARANDIAL BLOOD SUGAR -AFTER LUNCH', 'PPBS-PL', '180.00', '', 'Blood', 'Purple Top', 'Biochemistry', true, '2025-08-11 03:26:47.317035+00', '2026-04-11 03:44:39.681834+00', 60, '200.00', 'https://edhwbsvtgfmvkzcmfggt.supabase.co/storage/v1/object/sign/footer_img/PPBS%20ALL%20NEW.jpg?token=eyJraWQiOiJzdG9yYWdlLXVybC1zaWduaW5nLWtleV9mMjZiNGY4Yy0xZWJlLTRmZDUtYjFjMS0xNzdhYTJkZjE3ODIiLCJhbGciOiJIUzI1NiJ9.eyJ1cmwiOiJmb290ZXJfaW1nL1BQQlMgQUxMIE5FVy5qcGciLCJpYXQiOjE3NzU4NzkwMDEsImV4cCI6NDYxNDExOTAwMX0.zYX5Ra97aznoO83WCsLkASJP2M8SMwNUb4GBcc9Smdg', null), ('d972c88a-136c-455e-b5c5-2c56809ba63b', 'PPBS 2 SAMPLE', 'PPBS 2 SAMPLE', '450.00', '', null, null, null, true, '2025-10-25 14:47:38.547191+00', '2026-05-22 03:25:04.904846+00', 10, '10.00', 'https://edhwbsvtgfmvkzcmfggt.supabase.co/storage/v1/object/sign/footer_img/PPBS%20ALL%20NEW.jpg?token=eyJraWQiOiJzdG9yYWdlLXVybC1zaWduaW5nLWtleV9mMjZiNGY4Yy0xZWJlLTRmZDUtYjFjMS0xNzdhYTJkZjE3ODIiLCJhbGciOiJIUzI1NiJ9.eyJ1cmwiOiJmb290ZXJfaW1nL1BQQlMgQUxMIE5FVy5qcGciLCJpYXQiOjE3NzU4NzkwMDEsImV4cCI6NDYxNDExOTAwMX0.zYX5Ra97aznoO83WCsLkASJP2M8SMwNUb4GBcc9Smdg', null), ('dec58acd-ae96-4b85-99df-a9be103a9d73', 'PROGESTERONE SERUM', 'PROGESTERONE', '3900.00', '', 'Blood', 'Red Top', 'Serology', true, '2026-05-22 08:02:20.317364+00', '2026-05-28 02:30:18.980896+00', 59, '200.00', null, null), ('e49b7f6d-e73f-4e17-82a4-a2f598d2e98c', 'MALARIAL PARASITES - FILM', 'MALARIAL PARASITES', '850.00', '', 'Blood', 'Green Top', 'Hematology', true, '2026-05-22 07:59:10.682592+00', '2026-05-22 07:59:10.682592+00', 60, '200.00', null, null), ('e5f660d9-d005-4eb9-b85a-1dfca1d943a2', 'URINE BENCE JONES PROTEIN', 'BJP', '4500.00', '', 'Urine', null, 'Biochemistry', true, '2026-05-22 06:45:44.478183+00', '2026-05-22 06:45:44.478183+00', 60, '199.99', null, null), ('e7ff7d7b-ea15-4a9d-acd0-4c277f5afcc8', 'THYROID PROFILE (TSH,T3,T4)', 'THYROID PROFILE ', '5800.00', '', 'Blood', 'Red Top', 'Serology', true, '2025-08-10 10:49:49.166888+00', '2026-05-28 02:35:46.117562+00', 60, '200.00', null, null), ('ebd51eb6-ffb3-48e5-8abc-fa5beb0f6098', 'SERUM ALBUMIN', 'ALB', '850.00', '', 'Blood', 'Red Top', 'Biochemistry', true, '2026-05-22 07:23:23.659512+00', '2026-05-22 07:23:23.659512+00', 60, '200.00', null, null), ('ec7e550a-f7ed-464e-a15b-04af9ff3b8bd', 'CARCINO EMBRYONIC ANTIGEN', 'CEA', '7000.00', '', null, null, null, true, '2025-08-30 11:14:00.561547+00', '2025-09-16 03:45:24.388029+00', 30, '200.00', null, null), ('ed567c42-2195-456f-b861-dd428e899813', 'TESTOSTERONE', 'TESTOSTERONE', '4600.00', '', 'Blood', 'Red Top', null, true, '2025-09-19 03:33:56.245879+00', '2025-09-19 03:33:56.245879+00', null, null, null, null), ('ef40b27d-cc70-4497-b718-75118cf542fd', 'TOTAL IRON BINDING CAPACITY', 'TIBC', '2350.00', '', 'Blood', 'Red Top', 'Serology', true, '2026-05-22 06:38:27.757139+00', '2026-05-22 06:38:27.757139+00', 59, '199.99', null, null), ('f2bb0dcf-7bdc-40a5-b713-fbd3ebe1bc51', 'BLOOD UREA NITROGEN', 'BUN', '850.00', '', 'Blood', 'Red Top', 'Biochemistry', true, '2026-05-22 06:32:34.570799+00', '2026-05-22 06:32:34.570799+00', 60, '200.00', null, null), ('fc254ba0-5b0e-4010-9d69-d9ec0b5a34b3', 'ECG', 'ECG', '600.00', '..', null, null, null, true, '2025-08-09 03:18:45.844101+00', '2025-09-16 03:45:24.388029+00', 30, '200.00', null, null), ('fcdb5137-169e-4305-b842-c99e6c5968b0', 'APTT', 'APTT', '1400.00', '', 'Blood', 'Blue Top', 'Hematology', true, '2026-05-22 06:53:04.192242+00', '2026-05-22 06:53:04.192242+00', 60, '199.99', null, null), ('fd562ba0-8432-4770-b40b-3239d00b18ac', 'BLOOD SUGAR SERIES', 'BSS (1 hr)', '1200.00', '', 'Blood', 'Yellow Top', 'Biochemistry', true, '2026-06-09 08:10:17.687778+00', '2026-06-09 08:10:17.687778+00', 59, '200.00', null, null) ON CONFLICT (id) DO NOTHING;

-- ========== test_subcategories ==========
INSERT INTO "public"."test_subcategories" ("id", "test_id", "subcategory_name", "created_at", "uom", "less_more", "less_more_comment", "less_more_mark") VALUES ('00365ba6-c66a-4b05-8b8c-86379f9570af', 'b0778c6b-01d3-4644-8e2f-9b6c95ad1c4e', 'URINE - PREGNANCY', '2025-10-06 08:35:31.226465+00', '.', null, null, null), ('004bd4bd-f380-4897-96f3-4ef027df5e98', '456fc82b-5031-46b4-9143-ad38ee788100', 'CALCIUM, TOTAL', '2026-05-05 08:05:37.383582+00', 'mmol/L', null, null, null), ('00d5f622-f0b4-4b79-9239-46d482a303b6', 'b3ca9595-a144-4bea-a219-c315b6f95a59', 'BILIRUBIN – DIRECT/IBILIRUBIN – TOTAL RATIO', '2025-10-23 12:54:38.578687+00', '%', null, null, null), ('02c85016-2b3c-4dfc-8eaf-2ad089ea9177', '167598f2-d5a2-450e-a372-c8b8a0e8149d', 'PT/INR', '2025-10-13 08:23:15.332775+00', '.', null, null, null), ('0358024a-c8cc-4fdc-a2c3-d128573cd109', '50b56705-66b4-463c-bc1c-aba57fbe6223', 'Whip Worm ( Trichuris trichura )', '2026-05-05 04:00:01.487969+00', null, null, null, null), ('048a7636-0466-4d0e-9e1b-f12105f05d9d', '50b56705-66b4-463c-bc1c-aba57fbe6223', 'Mucus', '2026-05-05 03:45:00.353223+00', null, null, null, null), ('07e50a7c-5488-4d08-950e-dddb16e74ee7', 'b2f64dd4-aa22-4f62-9a82-7fe64257e452', 'NEUTROPHILS', '2025-10-14 06:44:48.895993+00', '%', null, null, null), ('08bf9bc1-a347-40c7-acbb-3f39cefc8940', 'c8ef76c2-3a25-44bd-909f-30aea43f6ac9', 'APPEARANCE', '2026-02-23 05:58:57.591805+00', null, null, null, null), ('08f8da42-912f-4b4f-8f84-031399ab337a', 'c5e4e62f-2fe7-48a4-9665-faa6f55a2392', 'TROPONIN I (QUALITATIVE)', '2025-10-23 20:10:09.514548+00', null, null, null, null), ('0b528ec8-27d5-4684-917a-76a592cd120d', '09db2545-4e56-4411-909f-76c3e069c0dd', 'BLOOD UREA', '2025-10-25 07:44:38.759881+00', 'mg/dL', null, null, null), ('0e870495-2f8d-4f9b-8272-093cb8ab6028', '4eb8777d-797c-4fe1-830c-93b30ac71dea', '( 10 hours fasting )', '2026-03-15 07:18:01.987357+00', '‎', null, null, null), ('0f9b4bc8-6e9e-456b-90d9-09b0f43ee772', '7cb24395-b5ae-4ed5-8d7c-8b483b28d349', 'HAEMOGLOBIN', '2025-10-25 07:59:24.233585+00', 'g/dL', null, null, null), ('11ac53b7-6438-4939-8388-ed405f456522', 'c8ef76c2-3a25-44bd-909f-30aea43f6ac9', 'TOTAL COUNT', '2026-02-23 06:14:42.200293+00', 'Million/ ml', null, null, null), ('1569ddf7-bb18-49f3-b185-d1cdcda2825d', '3ea45cbd-4b12-4ae1-9983-52e759219e98', 'UROBILINOGEN', '2026-03-17 07:30:04.49678+00', '‎', null, null, null), ('16b7d32f-03bf-4d8b-9a44-7441cfefa4d3', 'b00aba6b-a861-4dff-b5f4-d0af5d2ed28a', 'Post Prandial Plasma Glucose (AB)', '2026-03-12 07:33:26.492132+00', 'mg/dl', 'more', 'REPEATED & CONFIRMED', '300'), ('16e06883-c769-4216-b334-7fd5bc5c4fd3', '3ea45cbd-4b12-4ae1-9983-52e759219e98', 'PUS CELLS', '2026-03-17 07:33:04.182925+00', '/hpf', null, null, null), ('17e0396e-a513-47db-b929-70d958673b98', '1bd22e4a-fc6d-4052-a0e7-c9989082a9c6', 'Fasting Plasma Glucose', '2026-05-05 03:25:11.57794+00', 'mg/dl', 'more', 'REPEATED & CONFIRMED', '300'), ('18f098ca-dfc7-4e25-a9c6-18f168b55d52', '3ea45cbd-4b12-4ae1-9983-52e759219e98', 'CASTS', '2026-03-17 07:37:46.156521+00', '/hpf', null, null, null), ('1923601e-fa3f-4568-a06e-754a22690eb5', '2a695102-1661-43b0-a28a-d62172b6de0d', 'Plasma Glucose Level', '2025-10-12 16:24:49.949857+00', 'mg/dL', 'more', 'REPEATED & CONFIRMED', '300'), ('1a727a5f-9309-4cc5-b8f3-a700a61139e1', '50b56705-66b4-463c-bc1c-aba57fbe6223', 'Blank Row 1', '2026-05-05 04:01:29.122718+00', null, null, null, null), ('1b452a27-3bee-4994-a4c4-6488df1030ca', 'a8ca44f6-64c9-4b15-9e97-fbbb80f2caac', 'Plasma Glucose Level', '2025-10-12 16:21:46.754458+00', 'mg/dL', 'more', 'REPEATED & CONFIRMED', '300'), ('1ca88056-7877-4ac1-b72f-6d5f411b13fe', '6aafb065-ca7f-4728-a597-f1ebce31d5b7', 'SODIUM SERUM', '2026-05-05 08:16:55.127865+00', 'mmol/L', null, null, null), ('1cb4fd17-19da-4a46-bbfb-4767825bddff', '1bd22e4a-fc6d-4052-a0e7-c9989082a9c6', 'Post Prandial Plasma Glucose ( After Breakfast )', '2026-05-05 03:25:13.18044+00', 'mg/dl', 'more', 'REPEATED & CONFIRMED', '300'), ('1dc9786a-6a05-465a-8b5f-c8f49442e501', 'd683c8f0-f901-465d-bb3d-1fee6282ebca', 'TOTAL CHOLESTEROL', '2025-10-04 14:11:50.95984+00', 'mg/dL', 'more', 'REPEATED & CONFIRMED', '300'), ('1e281895-c61e-49de-955d-67ba3c08d79d', '4eb8777d-797c-4fe1-830c-93b30ac71dea', '( 2hr after the intake of glucose 75g )', '2026-03-15 07:26:11.399994+00', '‎', null, null, null), ('1e4b6d5f-b0d8-40b0-8457-be43621c1c82', '97a7d1b0-9a12-4373-b8bc-a81549cc6aa2', 'Post Prandial Plasma Glucose ( After Breakfast )', '2026-03-12 07:22:37.541712+00', 'mg/dl', 'more', 'REPEATED & CONFIRMED', '300'), ('1efa8675-d838-411c-95f9-12465c21ff4b', 'ba643e33-6ec9-4de7-b9d2-e266102cbb40', 'GAMMA-GT', '2025-10-12 16:13:00.329585+00', 'IU/L', null, null, null), ('1f3bcf4f-e9c3-49ff-9014-946c70658965', '6eccf0e5-4a62-4504-8639-f8ab7d0723f6', 'BASOPHIL', '2025-10-04 14:23:57.170112+00', '%', null, null, null), ('1fc0f090-66ff-46b8-907a-9007473e2171', '167598f2-d5a2-450e-a372-c8b8a0e8149d', 'MNPT', '2025-10-13 08:23:41.003198+00', 'Seconds', null, null, null), ('202b03cc-377f-47c5-a4cf-9db7878f808a', '50b56705-66b4-463c-bc1c-aba57fbe6223', 'Pin Worm ( Enterobius vermicularis )', '2026-05-05 04:00:45.797718+00', null, null, null, null), ('20723b3c-989a-4e07-ab28-f84bb63d6e5b', '92d352eb-9b53-4db2-95cd-e8b3faf79878', 'EPITHELIAL CELLS', '2025-10-14 05:42:20.44834+00', '.', null, null, null), ('218d54bc-7fb8-4202-8399-22c1dbfc893f', 'b00aba6b-a861-4dff-b5f4-d0af5d2ed28a', 'Post Prandial Plasma Glucose (AD)', '2026-03-12 07:33:34.507481+00', 'mg/dl', 'more', 'REPEATED & CONFIRMED', '300'), ('2442879f-98e2-4533-bdbe-9111262dc96c', 'b2f64dd4-aa22-4f62-9a82-7fe64257e452', 'Blank Row 1', '2025-10-14 06:37:36.02346+00', null, null, null, null), ('27feb536-7120-4c2a-91a4-2d272fe29998', '456fc82b-5031-46b4-9143-ad38ee788100', 'CORRECTED CALCIUM', '2026-05-05 08:05:50.94265+00', 'mmol/L', null, null, null), ('283d7f0b-7ffe-4999-a8eb-d896de371f17', '5db5e7fd-1d3e-48c9-8c70-f02cb9cee4ac', 'URINE HCG', '2025-10-12 16:03:00.246424+00', '‎', null, null, null), ('2957ba7e-a23e-433e-80d8-a0d971d6fbd7', 'b2f64dd4-aa22-4f62-9a82-7fe64257e452', 'WBC', '2025-10-14 06:37:32.814936+00', '/Cumm', null, null, null), ('298567b1-98e3-469e-a50e-8e350aea5092', '090564d5-0c12-4e2b-9dfe-626e82820b09', 'HEPATITIS Be SURFACE ANTIGEN TEST', '2025-10-10 16:17:35.577336+00', null, null, null, null), ('2a0733d5-167f-4f4f-93d1-f95a57003c71', '582d5736-fd3f-4698-9e46-10686e734567', 'CHLORIDE (Cl-)', '2025-10-26 12:45:05.332738+00', 'mmol/L', null, null, null), ('2a3d5b9d-dfc1-4da4-beeb-4e2bc55e4da1', '3ea45cbd-4b12-4ae1-9983-52e759219e98', 'ORGANISMS', '2026-03-17 07:39:28.536676+00', '/hpf', null, null, null), ('2ac982af-4ae6-4b1e-b6d0-3789a64b08ef', '6eccf0e5-4a62-4504-8639-f8ab7d0723f6', 'NEUTROPHILS', '2025-10-04 14:20:28.202771+00', '%', null, null, null), ('2ff68cb2-d04d-4062-8dc3-1eda21d9ca66', 'c50b381f-32b6-4054-bf94-0e006ae5cd02', 'VDRL', '2025-10-14 06:29:14.127869+00', null, null, null, null), ('30e62e3c-f0ad-4a95-88a9-3db1fd942189', '2a695102-1661-43b0-a28a-d62172b6de0d', '(2hr after the intake of glucose 75g)', '2025-10-12 16:25:06.568283+00', null, null, null, null), ('32d67e1e-2157-44e7-9b5d-68570047e146', '66d405a5-92f1-4f6c-848f-17c70615461d', 'Urine Creatinine', '2025-10-11 06:50:44.282287+00', 'mg/dL', null, null, null), ('33c86899-3be6-45fe-9d78-0aad1a2294ba', '99ac9480-663d-4c86-9467-e9260aa566e2', 'ASOT', '2026-05-28 02:05:59.796545+00', 'IU/ml', null, null, null), ('35a14d0c-233a-4d14-87a0-dbf1d0ce2590', '97a7d1b0-9a12-4373-b8bc-a81549cc6aa2', 'Fasting Plasma Glucose', '2026-03-12 07:22:34.419703+00', 'mg/dl', 'more', 'REPEATED & CONFIRMED', '300'), ('35bad7c4-f67e-4287-ba5d-00b5e2d5ef84', '97475a33-63a4-4b64-8ff1-ead362afd15e', 'SALMONELLA TYPHI AH', '2025-10-10 16:44:09.071436+00', null, null, null, null), ('373e88ca-5b5e-4efc-ad0f-0325327652e9', '6eccf0e5-4a62-4504-8639-f8ab7d0723f6', 'RDW - CV', '2025-10-05 11:43:30.28634+00', '%', null, null, null), ('38c6a4ea-a0b6-47e7-9f34-7c158ef39506', 'dec58acd-ae96-4b85-99df-a9be103a9d73', 'PROGESTERONE LEVEL', '2026-05-28 02:29:00.033548+00', 'ng/ml', null, null, null), ('3a54dfdc-db1f-4a26-9892-1d7a7a30d1d9', '582d5736-fd3f-4698-9e46-10686e734567', 'PHOSPHORUS', '2025-10-26 12:47:37.137443+00', 'mg/dl', null, null, null), ('3a897986-8453-47d5-b669-bc29a9054e00', '582d5736-fd3f-4698-9e46-10686e734567', 'URIC ACID', '2025-10-26 12:48:00.908517+00', 'mg/dl', null, null, null), ('3b8a5bb0-0996-44b1-8b4c-290be02d4c60', '3ea45cbd-4b12-4ae1-9983-52e759219e98', 'EPITHELIAL CELLS', '2026-03-17 07:36:32.686038+00', '/hpf', null, null, null), ('3c086632-4e65-4b94-85fc-e748a28a4013', 'ed567c42-2195-456f-b861-dd428e899813', 'TESTOSTERONE TOTAL', '2025-10-14 06:12:06.511758+00', 'ng/dL', null, null, null), ('3d0de75c-9c85-4e0e-80ff-f4fcb75a2ad8', '3b5166cc-755f-433e-833c-7e8c746c13ce', 'Height', '2025-10-23 20:02:31.288384+00', 'cm', null, null, null), ('3f2e5f63-0a26-4203-b7b4-df47a7596d79', 'a0f4f5bf-7124-47e2-a3f2-497b50fcd38d', 'SERUM CREATININE', '2025-10-12 13:59:11.044103+00', 'mg/dL', null, null, null), ('413fda18-c601-4610-84de-591f9c409be3', '4eb8777d-797c-4fe1-830c-93b30ac71dea', 'Blank Row 4', '2026-03-15 07:21:47.887805+00', null, null, null, null), ('44989695-379a-4071-9a82-22d092304c3b', 'c7d0f7da-0b86-4a61-a880-3ba9298dde18', 'Bleeding Time (BT)', '2025-10-12 13:35:08.735484+00', 'Minutes', null, null, null), ('45e10393-aa5f-48b2-8fc4-be70ebfe12fd', '92d352eb-9b53-4db2-95cd-e8b3faf79878', 'PUS CELLS', '2025-10-14 05:42:30.067311+00', '.', null, null, null), ('47d1c83c-45f6-4e82-8676-6719a8c6f129', '50b56705-66b4-463c-bc1c-aba57fbe6223', 'Red Cells', '2026-05-05 03:48:47.647302+00', '/hpf', null, null, null), ('47fa2bb3-59f0-41c5-8c38-742138fd7145', 'ba643e33-6ec9-4de7-b9d2-e266102cbb40', 'TOTAL PROTEIN', '2025-10-12 16:05:57.817333+00', 'g/dl', null, null, null), ('481b27cc-82c6-45ba-93b0-85ca3942f696', '3ea45cbd-4b12-4ae1-9983-52e759219e98', 'KETONE', '2026-03-17 07:23:54.33232+00', '‎', null, null, null), ('48ea826c-2679-46ea-883b-d57fcfb16858', '6eccf0e5-4a62-4504-8639-f8ab7d0723f6', 'WBC', '2025-10-04 14:19:15.403466+00', '/Cumm', 'less', 'PLEASE SHOW THIS REPORT TO YOUR DOCTOR', '1000'), ('496d5057-eafe-48ab-970a-4eb4b3f4b761', 'e7ff7d7b-ea15-4a9d-acd0-4c277f5afcc8', 'FREE T4', '2026-05-28 02:37:14.367664+00', 'ng/dl', null, null, null), ('496f9cd7-45bb-4a59-944b-c68416b41c04', '4fd33cbd-6544-4678-85bb-a6d20f810962', 'Blank Row 1', '2026-01-02 06:57:23.731015+00', null, null, null, null), ('49a9c760-2b6c-4498-a3a7-832c96a45dc1', 'c8ef76c2-3a25-44bd-909f-30aea43f6ac9', 'REACTION', '2026-02-23 06:03:45.800757+00', null, null, null, null), ('4cdbad7b-9c8c-4d6c-9a51-339919e0c8eb', '9517c4cb-95fa-4aa5-86bd-2babfe6d59ce', 'ALBUMIN / GLOBIULIN RATIO', '2025-10-26 12:26:33.880767+00', '‎', null, null, null), ('4dcf6060-b61e-4587-812c-627ec10766c5', '36aaf12e-17c5-4489-a332-ef821f6c9354', 'AMYLASE (SERUM )', '2025-10-12 08:13:18.605858+00', 'U/L', null, null, null), ('4dddba8d-96d6-41cc-94fe-b6c77d27eaa0', 'b3ca9595-a144-4bea-a219-c315b6f95a59', 'BILIRUBIN - TOTAL', '2025-10-23 12:52:20.050797+00', 'mg/dl', null, null, null), ('4e278531-e918-4ac0-8e5c-7427fefb8cfe', 'b00aba6b-a861-4dff-b5f4-d0af5d2ed28a', 'Post Prandial Plasma Glucose (AL)', '2026-03-12 07:33:32.019057+00', 'mg/dl', 'more', 'REPEATED & CONFIRMED', '300'), ('4e456adb-6d69-48ff-acdf-586d5b9e3a2b', 'd44a4693-828b-4130-bbd1-df15de086494', 'BLOOD GROUPING & Rh', '2025-10-23 20:00:43.915294+00', '‎', null, null, null), ('4e7b0063-faa1-4162-a45f-45d5eac79148', '4818de77-6b23-4205-bb93-84ed5eba9227', 'FREE T3', '2025-10-13 06:33:23.210617+00', 'pg/ml', null, null, null), ('5223fce1-3e17-4fb2-95c5-75a0db19ecc6', '88acf809-06b7-4891-a428-d483e7c4af2e', 'Blank Row 2', '2026-06-08 05:31:25.835487+00', null, null, null, null), ('5298291c-7421-467a-a7e0-84f6ee172c9c', '6eccf0e5-4a62-4504-8639-f8ab7d0723f6', 'MCV', '2025-10-05 10:45:08.381021+00', 'fL', null, null, null), ('55d9167e-fbf0-4090-94a3-f9b8c082ede9', '7312fab3-c2bc-47da-b08c-fa6cfb8d3101', 'SERUM CHLORIDE', '2025-10-14 05:32:37.590257+00', 'mEq/L', null, null, null), ('56be3c2a-7271-418b-80a9-1e53d3a4e190', 'c8ef76c2-3a25-44bd-909f-30aea43f6ac9', 'VISCOSITY', '2026-02-23 06:05:28.823145+00', null, null, null, null), ('5790a008-4f6b-4374-8c20-a86b08aba2c5', '590315f2-e711-4746-bd05-e03facd925e1', 'URINE CREATININE', '2026-05-28 02:42:20.182136+00', 'mg/dL', null, null, null), ('58690ff7-47f4-4a64-bc23-0e6faf40a969', '582d5736-fd3f-4698-9e46-10686e734567', 'POTASSIUM (K+)', '2025-10-26 12:44:13.479974+00', 'mmol/L', null, null, null), ('58b5d3f3-09d3-45f4-86b0-0efc97e56184', '6eccf0e5-4a62-4504-8639-f8ab7d0723f6', 'Blank Row 2', '2025-10-04 14:30:54.9191+00', '', null, null, null), ('5a6fa6bc-1424-4658-b07e-8c8a7ca7d6a7', '43b8d9e8-69dc-47a9-bc3d-942b368186ad', 'PROLACTIN', '2026-05-28 02:28:03.405407+00', 'ng/ml', null, null, null), ('5a7b20df-801d-4ee7-b6e3-ff4f3aff0e4f', 'c8ef76c2-3a25-44bd-909f-30aea43f6ac9', 'RED CELLS', '2026-02-23 06:22:10.954778+00', '/hpf', null, null, null), ('5b31c1dc-ba99-4c5e-a233-99cfa7a69913', 'e7ff7d7b-ea15-4a9d-acd0-4c277f5afcc8', '( 3rd Generation) TSH', '2026-05-28 02:37:12.658967+00', 'MIU/ml', null, null, null), ('5b8756f2-71b9-4ead-a84b-768327ad1a00', '167598f2-d5a2-450e-a372-c8b8a0e8149d', 'Blank Row 1', '2025-10-13 08:23:20.551527+00', null, null, null, null), ('5ba10f05-db4a-4009-8a96-ee2d258741df', '582d5736-fd3f-4698-9e46-10686e734567', 'SODIUM (Na+)', '2025-10-26 12:43:18.519424+00', 'mmol/L', null, null, null), ('613c5f56-9e33-4d0b-a787-51bd920e598c', 'c8ef76c2-3a25-44bd-909f-30aea43f6ac9', 'Blank Row 1', '2026-02-23 06:15:33.893141+00', null, null, null, null), ('62cd0beb-57ba-4ac9-a678-db8abd9db76e', '6eccf0e5-4a62-4504-8639-f8ab7d0723f6', 'MCHC', '2025-10-05 11:42:28.651649+00', 'g/dL', null, null, null), ('62d0ddf2-8194-4cd5-b3cf-cb5e85a4d03e', '582d5736-fd3f-4698-9e46-10686e734567', 'CREATININE', '2025-10-26 12:46:28.06659+00', 'mg/dl', null, null, null), ('63a7e6d3-1d15-4c2d-b5e9-0fe328161978', 'ec7e550a-f7ed-464e-a15b-04af9ff3b8bd', 'CARCINOEMBRYONIC ANTIGEN (CEA)', '2026-05-28 02:16:34.31805+00', 'ng/mL', null, null, null), ('63b09a34-b4de-4c8f-b982-c0279ba3ec1b', 'c1a8aec5-2624-4acc-a6ab-65e76a0719f9', 'CULTURE', '2025-10-12 16:14:53.118879+00', null, null, null, null), ('652c0ab1-4802-49b6-8d1f-028e1939bf18', '6eccf0e5-4a62-4504-8639-f8ab7d0723f6', 'HCT', '2025-10-05 10:40:34.50497+00', '%', null, null, null), ('65e78629-2b6b-4519-8df6-bc5732c22153', 'c50b381f-32b6-4054-bf94-0e006ae5cd02', 'Blank Row 1', '2026-04-11 06:03:22.874376+00', null, null, null, null), ('65fc42da-7c8e-4979-974a-f7eee32e792b', 'ba643e33-6ec9-4de7-b9d2-e266102cbb40', 'ALT (S.G.P.T.)', '2025-10-12 16:11:19.261299+00', 'IU/L', 'more', 'REPEATED & CONFIRMED', '100'), ('67f62dd8-48de-4911-b297-b49a4764123f', 'c0934760-7bbc-4eda-9284-f069e0c28402', 'Post Prandial Plasma Glucose ( After Dinner )', '2026-02-23 05:44:46.89886+00', 'mg/dl', null, null, null), ('682f5128-962d-4060-9661-361d86cc807d', '6eccf0e5-4a62-4504-8639-f8ab7d0723f6', 'MCH', '2025-10-05 10:46:00.710359+00', 'pg', null, null, null), ('687741b7-cb5a-4b62-be17-cbb6d06cd768', '7312fab3-c2bc-47da-b08c-fa6cfb8d3101', 'SERUM POTASSIUM', '2025-10-04 12:23:23.015062+00', 'mEq/L', 'more', 'PLEASE SHOW THIS REPORT TO YOUR DOCTOR', '5.3'), ('69d6bdaf-922a-40bc-aafb-0ceb505256e9', '50b56705-66b4-463c-bc1c-aba57fbe6223', 'Fat Globules', '2026-05-05 04:01:51.052903+00', null, null, null, null), ('6a084ad2-4c75-4905-be57-04135e8d8189', '3c971ba6-3c2e-4478-940a-94a5582b60da', 'ALT ( S.G.P.T )', '2025-10-10 15:41:08.598282+00', 'IU/L', 'more', 'REPEATED & CONFIRMED', '100'), ('6a0f37b6-8c82-4030-bf0e-992237dc0714', 'c8ef76c2-3a25-44bd-909f-30aea43f6ac9', 'NORMAL', '2026-02-23 06:19:41.8794+00', '%', null, null, null), ('6a25b0fb-1c8e-4fa5-9514-a20571b32a49', 'ba643e33-6ec9-4de7-b9d2-e266102cbb40', 'GLOBULIN', '2025-10-12 16:07:55.108135+00', 'g/dl', null, null, null), ('6bf82305-32f3-4fdd-b2ce-70ceea47731b', 'c8ef76c2-3a25-44bd-909f-30aea43f6ac9', 'SLUGGISH', '2026-02-23 06:16:53.473079+00', '%', null, null, null), ('6c68c973-c5a2-4b42-9851-6506ed4e5609', '3ea45cbd-4b12-4ae1-9983-52e759219e98', 'CRYSTALS', '2026-03-17 07:38:34.118088+00', '/hpf', null, null, null), ('6c80553e-1e83-4249-b3fd-dc8d1d4cc92a', '3ea45cbd-4b12-4ae1-9983-52e759219e98', 'P.H', '2026-03-17 07:18:53.743324+00', '‎', null, null, null), ('6ea13c79-c164-4106-9fcc-1c31d5700e1e', 'ba643e33-6ec9-4de7-b9d2-e266102cbb40', 'AST (S.G.O.T.)', '2025-10-12 16:11:53.472653+00', 'IU/L', 'more', 'REPEATED & CONFIRMED', '100'), ('6f873da9-193d-4dfb-af5a-7ec8504cd3e0', 'd972c88a-136c-455e-b5c5-2c56809ba63b', 'Post Prandial Plasma Glucose ( ABF )', '2025-10-25 14:48:09.598461+00', 'mg/dL', 'more', 'REPEATED & CONFIRMED', '300'), ('6fe081bd-e6b3-43c7-9cde-bc17c6748030', 'c7223a4b-38ee-4bf1-953d-357d1d70b2de', 'GAMMA GLUTAMYL TRANSFERASE (GGT)', '2025-10-23 12:36:50.171778+00', 'U/L', 'more', 'REPEATED & CONFIRMED', '100'), ('6ff2119e-3927-4c75-8559-40818d575eca', '810a38d1-462d-45d2-825a-57fcd00e5cc4', 'POTASSIUM ( K )', '2026-05-05 08:10:49.247101+00', 'mmol/L', null, null, null), ('712580be-f391-4db5-8853-3aa14230fdf1', 'ba643e33-6ec9-4de7-b9d2-e266102cbb40', 'ALKALINE PHOSPHATASE', '2025-10-12 16:10:33.390775+00', 'IU/L', null, null, null), ('713042ef-7919-46d7-bce7-72b068385aac', '3e7d4167-f889-497b-bcc7-dcebc50100be', 'ANA / ANF', '2026-05-05 08:00:24.719032+00', null, null, null, null), ('716febb3-5803-47c9-a56f-88a77c61e523', '7312fab3-c2bc-47da-b08c-fa6cfb8d3101', 'SERUM SODIUM', '2025-10-04 12:22:27.387191+00', 'mEq/L', null, null, null), ('71ae64c5-cf4d-42dc-b52d-69a5c8224096', 'a8ca44f6-64c9-4b15-9e97-fbbb80f2caac', '(2 hr after the intake of glucose 75g)', '2025-10-12 16:22:04.017193+00', null, null, null, null), ('733f1a84-dc32-492e-b3c4-8edde4db330f', 'fd562ba0-8432-4770-b40b-3239d00b18ac', 'Plasma Glucose 1 hour After Dinner', '2026-06-10 02:50:26.390562+00', 'mg/dl', null, null, null), ('74b92f5d-d465-4f89-a45c-5cd30276c388', '2a695102-1661-43b0-a28a-d62172b6de0d', 'Plasma Glucose - Fasting', '2025-10-12 16:24:02.14578+00', 'mg/dL', 'more', 'REPEATED & CONFIRMED', '300'), ('75dac18e-db6d-4781-8e24-8e77dbc6ab1a', '6eccf0e5-4a62-4504-8639-f8ab7d0723f6', 'HAEMOGLOBIN', '2025-10-05 10:39:27.122685+00', 'g/dL', 'less', 'PLEASE SHOW THIS REPORT TO YOUR DOCTOR', '9'), ('76734655-2e20-4645-a8ea-60e06a0715a1', 'b2f64dd4-aa22-4f62-9a82-7fe64257e452', 'BASOPHILS', '2025-10-14 06:52:50.139907+00', '%', null, null, null), ('77db0c18-4742-45ca-8258-efe218174be2', 'c8ef76c2-3a25-44bd-909f-30aea43f6ac9', 'DEAD', '2026-02-23 06:18:15.128027+00', '%', null, null, null), ('79551362-ae19-403f-8faa-8900e9bd2ffa', 'bd27557f-7a94-46ea-a570-7030a7d282f2', 'Post Prandial Plasma Glucose ( AD )', '2025-10-25 14:44:02.324438+00', 'mg/dL', 'more', 'REPEATED & CONFIRMED', '300'), ('79899071-33c9-4421-b5be-79c9664d5626', '50b56705-66b4-463c-bc1c-aba57fbe6223', 'Epithelial Cells', '2026-05-05 03:49:15.869426+00', '/hpf', null, null, null), ('79f66e5d-2668-4df2-abd7-4369badc1928', '2299cfd3-ac2d-4847-af7c-a9365da1ea6f', 'Post Prandial Plasma Glucose', '2026-03-12 06:31:33.904591+00', 'mg/dl', 'more', 'REPEATED & CONFIRMED', '300'), ('7be9b21b-9572-4817-a728-a31ce31f30fd', '39036e1b-0de8-4c0e-9299-cc5ddc1af050', 'HIV  ANTI BODY FOR HIV -II', '2025-10-10 16:21:02.283798+00', '.', null, null, null), ('7bef8379-b478-4593-9f71-17c7e650051e', '4fd33cbd-6544-4678-85bb-a6d20f810962', 'Plasma Glucose Level- Random', '2025-10-23 12:40:09.638089+00', 'mg/dL', 'more', 'REPEATED & CONFIRMED', '300'), ('7e52a7c9-970a-4e17-be57-006ab126d858', '662decb3-7463-4abb-8371-704b217a859b', 'SERUM BETA HCG', '2025-10-14 05:24:38.993345+00', 'mIU/mL', null, null, null), ('7ed806d3-df4d-4370-bd0f-5f265cfdb84a', 'c8ef76c2-3a25-44bd-909f-30aea43f6ac9', 'MORPHOLOGY', '2026-02-23 06:18:59.001906+00', null, null, null, null), ('7f056c5c-e845-48dd-a520-416453f46302', '2a695102-1661-43b0-a28a-d62172b6de0d', 'Blank Row 1', '2025-10-12 16:24:10.297615+00', null, null, null, null), ('7f24211c-f35f-4783-9eeb-5572e0b886ff', 'c8ef76c2-3a25-44bd-909f-30aea43f6ac9', 'VOLUME', '2026-02-23 05:59:39.250509+00', 'ml', null, null, null), ('7f7bd038-157f-4947-a081-b5967c0e9e65', 'a08cec7c-4c76-48d7-b2c1-9bb60ffd4eb5', 'Serum Ferritin', '2025-10-12 15:56:21.061266+00', 'ng/ml', null, null, null), ('7f816321-8c10-4f8b-b7af-92df0f69b09c', 'c0934760-7bbc-4eda-9284-f069e0c28402', 'Post Prandial Plasma Glucose ( After Lunch )', '2026-02-23 05:44:42.185929+00', 'mg/dl', null, null, null), ('80832602-874e-4ce9-92be-651a58abe1b7', '3ea45cbd-4b12-4ae1-9983-52e759219e98', 'YEAST CELLS', '2026-04-19 06:30:13.587157+00', '/hpf', null, null, null), ('823465bb-0d36-4a52-89bd-087b88de80d1', '579f0548-8d36-48f7-8306-8098ed3bb7a7', 'FILARIAL IgG ANTIBODY', '2026-04-11 06:25:14.713371+00', null, null, null, null), ('8297bd15-c616-4ed8-9da7-fef225c8c63c', 'd683c8f0-f901-465d-bb3d-1fee6282ebca', 'CHOLESTEROL LDL', '2026-01-02 07:04:08.285664+00', 'mg/dl', 'more', 'REPEATED & CONFIRMED', '250'), ('8311662c-968c-4eca-8245-86cf2ce2a8fc', '1f2cbb0e-1cff-4053-92ed-81970a469a3c', '(Up to 15/1 st hour)', '2025-10-23 20:08:06.170922+00', null, null, null, null), ('83ba4a9c-566b-4722-a3c8-5215e00f529e', 'c8ef76c2-3a25-44bd-909f-30aea43f6ac9', 'LIQUEFACTION TIME', '2026-02-23 06:01:07.264645+00', 'Minutes', null, null, null), ('84234502-07a3-460f-899a-d8ddb6c15e3a', '6eccf0e5-4a62-4504-8639-f8ab7d0723f6', 'RBC', '2025-10-05 10:37:53.422981+00', 'M/uL', null, null, null), ('842e4bcf-e705-4c5a-94e4-12ad2b6193af', '92d352eb-9b53-4db2-95cd-e8b3faf79878', 'ACID FAST BACILLI (AFB)', '2025-10-14 05:42:42.307772+00', '.', null, null, null), ('85728e76-20a9-4872-9319-4475bd5a9c87', 'a5cc026a-8300-4b30-9688-4b483846c5af', 'DENGUE FEVER VIRUS ANTIBODY  IgM', '2025-10-10 16:01:08.373554+00', '󠀠', null, null, null), ('858b040d-a05e-4d7d-a799-5f0f668b094a', '49507cb6-70db-4e65-bcb5-ca50ffee2f20', 'SERUM CALCIUM', '2025-10-10 16:47:30.484517+00', 'mg/dL', null, null, null), ('867da253-748d-467e-ba35-69cdc6315b57', 'bfdd6bac-c05f-4f06-8ba0-fa0e995ea3fe', 'ALPHA FETO PROTEIN (AFP)', '2026-05-28 02:10:35.493292+00', 'ng/mL', null, null, null), ('86f72edf-71d4-4d11-8957-c29d0613f9e2', '278601c0-14c0-4cde-a979-a811532f5ea0', 'SERUM PHOSPHORUS', '2025-10-13 06:36:33.452594+00', 'pg/ml', null, null, null), ('88770a3a-f4a0-48d6-bb43-06fc12a25751', '50b56705-66b4-463c-bc1c-aba57fbe6223', 'Macrophages', '2026-05-05 03:50:01.009942+00', '/hpf', null, null, null), ('89f4dfb4-9534-4616-8177-c1e8fa4dd2e1', 'c0934760-7bbc-4eda-9284-f069e0c28402', 'Post Prandial Plasma Glucose (After Beakfast)', '2026-02-23 05:42:22.496035+00', 'mg/dl', null, null, null), ('8aaed699-a4bb-40ca-8208-a453d41b6f00', 'ba643e33-6ec9-4de7-b9d2-e266102cbb40', 'A/G RATIO', '2025-10-12 16:08:32.056692+00', null, null, null, null), ('8c038e7e-54a1-444b-90ad-1c33630eee0b', 'b2f64dd4-aa22-4f62-9a82-7fe64257e452', 'EOSINOPHILS', '2025-10-14 06:51:33.939376+00', '%', null, null, null), ('8c7805c1-5420-475b-923c-fa72a2b4ce3d', '50b56705-66b4-463c-bc1c-aba57fbe6223', 'PHYSICAL EXAMINATION', '2026-05-05 03:44:51.969796+00', null, null, null, null), ('8c7c4ab9-9259-47b9-97cc-8cc93b4a964d', '0da94c21-9a80-42bd-ae45-6d2150323888', 'FREE FT4', '2025-10-14 06:15:38.795406+00', 'ng/dL', null, null, null), ('8de598ff-dca1-40c1-89b1-f0da7d51c3b4', '3ea45cbd-4b12-4ae1-9983-52e759219e98', 'BILIRUBIN', '2026-03-17 07:25:32.705147+00', '‎', null, null, null), ('8de61dee-53b3-43e8-a990-f638325993b3', '3ea45cbd-4b12-4ae1-9983-52e759219e98', 'S. GRAVITY', '2026-03-17 07:02:00.625158+00', '‎', null, null, null), ('8df0db2f-cc10-4392-82d6-6642a170bbfc', '443f42f8-8151-4e1b-8dff-9d92b58b48e9', 'FASTING PLASMA GLUCOSE', '2025-10-11 06:17:19.066991+00', 'mg/dl', 'more', 'REPEATED & CONFIRMED', '300'), ('8e0a3465-9da9-4a77-8632-eea3a09806c2', '167598f2-d5a2-450e-a372-c8b8a0e8149d', 'ISI', '2025-10-13 08:23:55.54379+00', '.', null, null, null), ('8f87773f-0c83-4493-83de-96f9418baf1c', '3b5166cc-755f-433e-833c-7e8c746c13ce', 'Age', '2025-10-23 20:02:18.203955+00', 'Years', null, null, null), ('91392bff-9f61-48ce-8ed1-001fc4e3b377', '97a7d1b0-9a12-4373-b8bc-a81549cc6aa2', 'Post Prandial Plasma Glucose ( After Lunch )', '2026-03-12 07:22:47.167435+00', 'mg/dl', 'more', 'REPEATED & CONFIRMED', '300'), ('916dc9b6-2316-4ab6-981b-78b4f1c14d0d', 'fd562ba0-8432-4770-b40b-3239d00b18ac', 'Plasma Glucose 1 hour After Breakfast', '2026-06-10 02:48:40.582878+00', 'mg/dl', null, null, null), ('923591d4-209a-4101-b8d5-8504a1b00567', '582d5736-fd3f-4698-9e46-10686e734567', 'Blank Row 2', '2025-10-26 12:47:11.459711+00', null, null, null, null), ('930afdaa-1c5f-4d15-a6f6-419cacee8a95', '167598f2-d5a2-450e-a372-c8b8a0e8149d', 'Prothrombin time Patient', '2025-10-13 08:22:36.876333+00', 'mIU/L', null, null, null), ('93afea7a-c475-4be9-8748-d65a17224fad', '3ea45cbd-4b12-4ae1-9983-52e759219e98', 'GLUCOSE', '2026-03-17 07:21:10.62042+00', '‎', null, null, null), ('94288e0e-65b4-4718-ac41-24afa37539ec', '9a1239ae-6aaa-48da-957a-3cf60f9e2ea6', 'CPK', '2026-05-05 08:02:49.534833+00', 'U/L', null, null, null), ('950f328b-1ab9-4c82-a5f0-d1992cc2f9e1', '9ffd6bdc-6bf4-42a3-86ce-3501363f9afc', 'HBA1C ( HPLC METHOD )', '2025-10-12 15:59:39.160211+00', '%', 'more', '*** Please show this report to the doctor ***', '6.4'), ('97673163-ef3f-4527-99c9-d39cf2d08350', 'f2bb0dcf-7bdc-40a5-b713-fbd3ebe1bc51', 'BLOOD UREA NITROGEN', '2026-05-28 02:03:15.287916+00', 'mg/dl', null, null, null), ('97975ddf-af06-4cc0-b479-d52333b2867d', '4eb8777d-797c-4fe1-830c-93b30ac71dea', 'Palsma Glucose Level', '2026-03-15 07:24:39.194472+00', 'mg/dl', 'more', 'REPEATED & CONFIRMED', '300'), ('97c81623-f6b6-4310-a877-6e1bb6e9aeef', 'ba643e33-6ec9-4de7-b9d2-e266102cbb40', 'ALBUMIN', '2025-10-12 16:06:39.970746+00', 'g/dl', null, null, null), ('994a486c-6a6f-4870-ac48-ffdc1eb49afd', '39036e1b-0de8-4c0e-9299-cc5ddc1af050', 'HIV  ANTI BODY FOR HIV -1', '2025-10-10 16:20:31.492313+00', '.', null, null, null), ('9a78d993-5e24-4681-9818-18b6ede57c4e', '4eb8777d-797c-4fe1-830c-93b30ac71dea', 'Plasma Glucose level', '2026-03-15 07:18:09.840496+00', 'mg/dl', 'more', 'REPEATED & CONFIRMED', '300'), ('9aea2e9d-54af-402d-acfc-09fc1a722ef4', '3b5166cc-755f-433e-833c-7e8c746c13ce', 'BMI', '2025-10-23 20:03:40.028415+00', 'Kg/m²', null, null, null), ('9c9c82ab-9d67-437a-b398-4a032bbcc5a6', '3ea45cbd-4b12-4ae1-9983-52e759219e98', 'PROTEIN', '2026-03-17 07:19:58.829608+00', '‎', null, null, null), ('9ca93e3c-46f8-4229-b288-13c3ebed83ea', '3ea45cbd-4b12-4ae1-9983-52e759219e98', 'Blank Row 3', '2026-03-17 07:31:29.17776+00', null, null, null, null), ('9f7af950-0320-4b49-b80d-089e436e748b', '66d405a5-92f1-4f6c-848f-17c70615461d', 'Urine Albumin', '2025-10-11 06:50:16.447792+00', 'mg/L', null, null, null), ('9f92f5d1-2e60-4ba4-a564-91aecff50ac1', 'b3ca9595-a144-4bea-a219-c315b6f95a59', 'BILIRUBIN - INDIRECT', '2025-10-23 12:53:51.258853+00', 'mg/dl', null, null, null), ('9fd8d75c-0a1c-4fe1-b59b-a5f9678741c7', 'c8ef76c2-3a25-44bd-909f-30aea43f6ac9', 'ABNORMAL FORMS', '2026-02-23 06:20:12.980424+00', '%', null, null, null), ('a4bf41bc-c752-4b47-8679-313df628b0f9', '92d352eb-9b53-4db2-95cd-e8b3faf79878', 'MACROSCOPY', '2025-10-14 05:42:10.51448+00', 'mIU/ml', null, null, null), ('a4d58da5-d370-4a97-815d-58d45c266f16', 'd683c8f0-f901-465d-bb3d-1fee6282ebca', 'VLDL CHOLESTEROL', '2026-01-02 07:04:13.356912+00', 'mg/dl', null, null, null), ('a5a1a901-7150-480e-a3ca-c1b63aa760d2', 'c7d0f7da-0b86-4a61-a880-3ba9298dde18', 'Clotting Time (CT)', '2025-10-12 13:35:36.501502+00', 'Minutes', null, null, null), ('a5c6dd0c-2f5c-4b97-8e0a-8a892b4ff74d', '0cb45863-05d6-493d-99fa-8441a34ad48c', 'STOOL CALPROTECTIN', '2026-05-28 02:31:33.614627+00', null, null, null, null), ('a6183710-e582-488f-bc12-f763b27fbbdc', 'ba643e33-6ec9-4de7-b9d2-e266102cbb40', 'BILIRUBIN - TOTAL', '2025-10-12 16:09:20.273954+00', 'mg/dL', null, null, null), ('a64560de-d268-443c-916f-6eacf346646d', '50b56705-66b4-463c-bc1c-aba57fbe6223', 'Consistency', '2026-05-05 03:44:58.595559+00', null, null, null, null), ('a72c5cfb-2e9b-4899-8883-bfc1221e27bf', '6eccf0e5-4a62-4504-8639-f8ab7d0723f6', 'EOSINOPGILS', '2025-10-04 14:23:14.94276+00', '%', null, null, null), ('a7a3286c-32d2-40c0-8142-ce40c13332e0', '582d5736-fd3f-4698-9e46-10686e734567', 'BLOOD UREA', '2025-10-26 12:45:43.966158+00', 'mg/dl', null, null, null), ('a7f614c0-93ae-4e28-9407-6be1401b2c5c', '3a48824f-c567-432c-925f-c10d1520f711', 'PLATELET COUNT', '2025-10-13 08:13:38.825544+00', null, null, null, null), ('a84b0c8c-a020-432f-b752-e41964cc8b38', 'c20f8797-54a9-42e1-a157-a7ba988e7fc5', 'ESTIMATED GFR(CKD EPI)', '2025-12-25 06:09:35.985348+00', 'ml/min/1.73m²', null, null, null), ('a9b92b96-0d7e-497d-a3bd-bdf57ec4fa5f', '9517c4cb-95fa-4aa5-86bd-2babfe6d59ce', 'GLOBULIN', '2025-10-26 12:26:13.718891+00', 'g/dl', null, null, null), ('ab445101-3b3e-466d-92b1-34936f1df20f', 'a28e728e-2654-4bd6-a78f-84c18638d2f8', 'CA 125', '2026-05-28 02:08:00.612853+00', 'U/ml', null, null, null), ('ac5557a6-a9fd-46ec-8612-ee03e16d5b71', '582d5736-fd3f-4698-9e46-10686e734567', 'Blank Row 1', '2025-10-26 12:46:34.450646+00', null, null, null, null), ('ad310e5e-b2bb-49d6-b3f4-c18b1e51f3fd', 'c8ef76c2-3a25-44bd-909f-30aea43f6ac9', 'ACTIVE', '2026-02-23 06:16:06.966717+00', '%', null, null, null), ('ad4509a8-fc5c-4714-8d12-81b965d20b82', 'c8ef76c2-3a25-44bd-909f-30aea43f6ac9', 'PUS CELLS', '2026-02-23 06:21:30.443294+00', '/hpf', null, null, null), ('ad739334-c664-4439-a262-a225855b4bc3', 'fd562ba0-8432-4770-b40b-3239d00b18ac', 'Fasting Plasma Glucose', '2026-06-10 02:47:59.322561+00', 'mg/dl', null, null, null), ('ade67051-5a67-4c49-878c-9072f995da35', '2299cfd3-ac2d-4847-af7c-a9365da1ea6f', 'Fasting Plasma Glucose', '2026-03-12 06:31:28.907051+00', 'mg/dl', 'more', 'REPEATED & CONFIRMED', '300'), ('aeaedd13-f957-4e4b-a9f8-06f44ad6cfec', 'c8ef76c2-3a25-44bd-909f-30aea43f6ac9', 'Blank Row 3', '2026-02-23 06:21:00.042082+00', null, null, null, null), ('afca121e-37b7-4326-b795-bc4b45c9488c', 'c20f8797-54a9-42e1-a157-a7ba988e7fc5', 'SERUM CREATININE', '2025-12-25 06:04:15.363204+00', 'mg/dl', 'more', 'REPEATED & CONFIRMED', '1.4'), ('aff43c43-e48f-4c28-9fab-967ceece4078', '50b56705-66b4-463c-bc1c-aba57fbe6223', 'Round Worm ( Ascaris lumbricoides )', '2026-05-05 03:51:39.213116+00', null, null, null, null), ('b00a4740-52b6-4cb5-8f65-46431c95ef4f', '50b56705-66b4-463c-bc1c-aba57fbe6223', 'MICROSCOPICAL ANALYSIS', '2026-05-05 03:47:15.487833+00', null, null, null, null), ('b11d2b2e-6cb8-4607-97a4-9b1e29cb807a', 'e7ff7d7b-ea15-4a9d-acd0-4c277f5afcc8', 'FREE T3', '2026-05-28 02:37:16.057143+00', 'pg/ml', null, null, null), ('b1d8fb33-4bbe-464e-a26d-79bf8a23e50d', '97475a33-63a4-4b64-8ff1-ead362afd15e', 'SALMONELLA TYPHI O', '2025-10-10 16:43:54.106571+00', null, null, null, null), ('b387dd14-ea07-4012-aaf7-35dc29359949', 'd683c8f0-f901-465d-bb3d-1fee6282ebca', 'TRIGLYCERIDES', '2026-01-02 07:02:15.986871+00', 'mg/dl', 'more', 'REPEATD & CONFIRMED', '300'), ('b3b573d0-4ee8-4bf0-a47e-f76779ee02ff', 'd6768cb7-bc9e-4aa7-8480-083c40112d38', 'FAECES FOR OCCULT BLOOD TEST', '2025-10-10 16:51:21.363141+00', null, null, null, null), ('b3c3f181-ded9-4da8-8189-f3dce1fccbda', 'c8ef76c2-3a25-44bd-909f-30aea43f6ac9', 'COLOUR', '2026-02-23 05:48:13.130649+00', null, null, null, null), ('b4354db1-8558-4b64-9478-27cd796d0b3e', 'd683c8f0-f901-465d-bb3d-1fee6282ebca', 'CHOLESTEROL HDL', '2026-01-02 07:01:41.545214+00', 'mg/dl', null, null, null), ('b4b2a934-11b3-48eb-91c4-e934f30ba01a', '4eb8777d-797c-4fe1-830c-93b30ac71dea', '( 1hr after the intake of glucose 75g )', '2026-03-15 07:20:29.191577+00', '‎', null, null, null), ('b51491fc-2ed8-4542-9d28-678e4aef3f47', '6eccf0e5-4a62-4504-8639-f8ab7d0723f6', 'MONOCYTE', '2025-10-04 14:22:05.296695+00', '%', null, null, null), ('b80c1f8a-c26c-4e20-a72e-5660689cc371', 'c8ef76c2-3a25-44bd-909f-30aea43f6ac9', 'MOTILITY', '2026-02-23 06:15:37.676343+00', null, null, null, null), ('b9233a44-eaa2-4834-a20b-cdce46fc96af', '3ea45cbd-4b12-4ae1-9983-52e759219e98', 'RED CELLS', '2026-03-17 07:34:45.946605+00', '/hpf', null, null, null), ('bab72924-05fc-416d-b2b8-e4692b063cd1', 'd7a1c6ad-3a58-4796-9256-46b22ed0b70d', 'URIC ACID', '2025-10-14 06:26:08.573224+00', 'mg/dL', null, null, null), ('bae33ebe-9b49-474c-b2f5-a5bff123250f', 'b3ca9595-a144-4bea-a219-c315b6f95a59', 'BILIRUBIN - DIRECT', '2025-10-23 12:53:05.637004+00', 'mg/dl', null, null, null), ('bca4a7c3-719c-4e03-9b69-3e0f509dd05e', '50b56705-66b4-463c-bc1c-aba57fbe6223', 'Crystals', '2026-05-05 04:01:30.117751+00', null, null, null, null), ('bdd75372-db77-4d07-ab14-a305149bf287', '037491b8-20ac-4d64-93be-14ad7c4e71d2', '( 1 hr after the intake of glucose 75g )', '2025-10-12 16:20:22.006677+00', null, null, null, null), ('bde00e9f-c62e-4c06-85d8-90e837280538', '372ff9a8-33b8-4dee-b48c-55387de03a7e', 'Clotting Time (CT)', '2025-10-12 13:45:55.005675+00', 'Minutes', null, null, null), ('be162fcb-4bc3-44ce-8df7-b2da4716c39e', '8f3f216f-b285-4e1a-9dcd-9fd1e5e17642', 'Bleeding Time (BT)', '2025-10-12 13:34:07.391613+00', 'Minutes', null, null, null), ('bedf6a27-4670-4e11-984f-226419876b08', '590315f2-e711-4746-bd05-e03facd925e1', 'URINE ALBUMIN / CREATININE RATIO', '2026-05-28 02:42:26.901284+00', null, null, null, null), ('bfc80def-487f-4d14-83c4-ccd8a23cc9ac', '97475a33-63a4-4b64-8ff1-ead362afd15e', 'SALMONELLA TYPHI H', '2025-10-10 16:43:38.696243+00', null, null, null, null), ('c03c99fb-7595-44d9-8de3-59b4d63c63c3', '88acf809-06b7-4891-a428-d483e7c4af2e', 'ALT (S.G.P.T)', '2025-12-30 06:41:52.037005+00', 'IU/L', 'more', 'REPEATED & CONFIRMED', '100'), ('c056550e-60fd-43b3-aa9c-3ade1deb0e34', '50b56705-66b4-463c-bc1c-aba57fbe6223', 'Undigested Food Particles', '2026-05-05 04:02:13.71413+00', null, null, null, null), ('c0c660b4-75b5-41d0-9ff5-74fd19832746', '50b56705-66b4-463c-bc1c-aba57fbe6223', 'Reducing Substances', '2026-05-05 04:02:53.981097+00', null, null, null, null), ('c1d9b663-6fa9-4964-93a9-21e7a8b46867', 'a2d0b54d-d5a9-446d-b62d-64ee789c04ae', 'BLOOD UREA', '2026-04-11 06:24:12.5103+00', 'mg/dl', 'more', 'REPEATED & CONFIRMED', '100'), ('c3110cd4-37d9-4713-9ff7-d016a42bc8d3', '4f703738-0687-4d4a-9a19-15e19be23961', 'Post Prandial Plasma Glucose ( ABF )', '2025-10-13 08:15:27.904828+00', 'mg/dL', 'more', 'REPEATED & CONFIRMED', '300'), ('c37e6396-3ce7-43dd-ab85-aebfea109918', '3b5166cc-755f-433e-833c-7e8c746c13ce', 'Weight', '2025-10-23 20:02:44.10812+00', 'Kg', null, null, null), ('c3cc14ca-a450-49c9-9c83-2a2def77d233', 'b2f64dd4-aa22-4f62-9a82-7fe64257e452', 'LYMPHOCYTES', '2025-10-14 06:45:29.373069+00', '%', null, null, null), ('c4f87729-6068-4f88-a8d4-079a221042b4', 'c8ef76c2-3a25-44bd-909f-30aea43f6ac9', 'NON-PROGRESSIVE', '2026-02-23 06:17:28.16379+00', '%', null, null, null), ('c63205ba-0b7d-4ece-9101-c67c67d50806', 'c0934760-7bbc-4eda-9284-f069e0c28402', 'Fasting Plasma Glucose', '2026-01-20 17:12:57.275648+00', 'mg/dl', null, null, null), ('c72b76f4-c35e-4afe-846a-6024d418ced4', '579f0548-8d36-48f7-8306-8098ed3bb7a7', 'FILARIAL IgM ANTIBODY', '2026-04-11 06:25:12.233728+00', null, null, null, null), ('c7a048cb-ec5a-4945-8a05-1f62acf7ab2c', '3ea45cbd-4b12-4ae1-9983-52e759219e98', 'NITRITE', '2026-03-17 07:30:31.470253+00', '‎', null, null, null), ('c8a0788c-1ae9-487a-866d-63dc95af3242', '50b56705-66b4-463c-bc1c-aba57fbe6223', 'OVA', '2026-05-05 03:51:19.263966+00', null, null, null, null), ('ca727ba2-5c29-4fcb-9d7e-0f9d278ab6f9', '6eccf0e5-4a62-4504-8639-f8ab7d0723f6', '', '2025-10-04 14:19:24.856566+00', null, null, null, null), ('cb1a9b79-e17e-4654-9506-7c06f7ac15c5', '3c971ba6-3c2e-4478-940a-94a5582b60da', 'AST ( S.G.O.T )', '2025-10-10 15:41:32.420916+00', 'IU/L', 'more', 'REPEATED & CONFIRMED', '100'), ('cb7c5d85-e9ea-49e4-912f-19f5a6ab86d5', '6eccf0e5-4a62-4504-8639-f8ab7d0723f6', 'Blank Row 3', '2025-10-05 11:48:00.234561+00', null, null, null, null), ('cbdecf2b-9da3-4fcf-b767-07b8f1262866', '918e122a-df99-407c-be10-2f8f10216dbe', 'RHESUS ANTIBODY TEST ( RHAb )', '2026-05-05 08:14:08.685755+00', null, null, null, null), ('cc0e7f91-d3cb-46d0-b494-f0f4c78a6808', '3ea45cbd-4b12-4ae1-9983-52e759219e98', 'MICROSCOPY', '2026-03-17 07:32:21.633508+00', '‎', null, null, null), ('cdcb803d-ddad-43af-9ce0-e3d4976eabbd', '3ea45cbd-4b12-4ae1-9983-52e759219e98', 'APPEARANCE', '2026-03-16 08:04:32.302076+00', '‎', null, null, null), ('cde0828d-96f1-44f4-8dc6-df03de52008d', '91b764ca-fc8a-4114-897f-e325686a3b0d', 'Plasma glucose Level', '2025-10-12 16:18:17.910251+00', 'mg/dL', 'more', 'REPEATED & CONFIRMED', '300'), ('d0cbf670-44b1-4879-b3a7-ea980fb606cf', '88acf809-06b7-4891-a428-d483e7c4af2e', 'Blank Row 1', '2026-06-08 05:31:25.279327+00', null, null, null, null), ('d17d6307-33fc-4464-b58e-c037f93e0fc9', '4eb8777d-797c-4fe1-830c-93b30ac71dea', 'Plasma Glucose Level', '2026-03-15 07:17:58.407385+00', 'mg/dl', 'more', 'REPEATED & CONFIRMED', '300'), ('d1ecbf43-1c90-4da0-9d3b-36acc58201d0', '50b56705-66b4-463c-bc1c-aba57fbe6223', 'Amoebae', '2026-05-05 03:50:50.792618+00', null, null, null, null), ('d1efe064-6574-4975-ae06-df13be4d9c12', '89582ff2-9574-4f20-babf-fee76576cc66', 'TSH ( 3 rd Generation  )', '2025-10-10 16:57:22.5271+00', 'µIU/ml', null, null, null), ('d1f42542-4490-4ecd-8d82-8226bc6bd53f', '0eb518a2-0b98-4973-b4c3-700f4662cffc', 'Blank Row 1', '2025-12-30 06:45:00.355912+00', null, null, null, null), ('d3e9ba67-af76-409d-9b84-edf5d48c1c8c', '037491b8-20ac-4d64-93be-14ad7c4e71d2', 'Plasma Glucose Level', '2025-10-12 16:20:07.944339+00', 'mg/dl', 'more', 'REPEATED & CONFIRMED', '300'), ('d50704e3-7017-4af8-8438-4ba50189de59', 'd972c88a-136c-455e-b5c5-2c56809ba63b', 'Post Prandial Plasma Glucose ( AL )', '2025-10-25 14:48:33.975138+00', 'mg/dL', 'more', 'REPEATED & CONFIRMED', '300'), ('d5a54757-9ee9-47ca-9e31-67eedb73355d', '6eccf0e5-4a62-4504-8639-f8ab7d0723f6', 'LYMPHOCYTE', '2025-10-04 14:21:17.164894+00', '%', null, null, null), ('d5e9c9b9-e220-4640-85ec-ee10e23a8359', '6599375a-b74d-468c-8256-1fa0cc9b7f6f', 'BILIRUBIN - TOTAL', '2025-10-23 12:50:57.195291+00', 'mg/dl', null, null, null), ('d657073c-e357-44eb-a00e-98f5cab2c8b2', '50b56705-66b4-463c-bc1c-aba57fbe6223', 'Pus Cells', '2026-05-05 03:47:59.578207+00', '/hpf', null, null, null), ('d93c839c-bb55-4136-b20e-572707dc8c0a', '1b0488e1-74d3-4161-a13b-72ff079b8963', 'SERUM MAGNESIUM', '2026-05-28 02:23:39.538232+00', 'mg/dL', null, null, null), ('d9bb4eed-9b09-4fda-83b8-6b4a1e11b019', 'a5cc026a-8300-4b30-9688-4b483846c5af', 'DENGUE FEVER VIRUS ANTIBODY  IgG', '2025-10-10 16:01:47.977875+00', '󠀠', null, null, null), ('da12877c-6d2d-4233-8cd5-718d2f6dbb6b', '4eb8777d-797c-4fe1-830c-93b30ac71dea', 'Blank Row 3', '2026-03-15 07:18:05.261126+00', null, null, null, null), ('dbb68446-e6a6-4051-8528-89a791f81dbb', '0139c6c3-5843-4cd3-b91d-e38eb42830fd', 'CA 19-9', '2026-05-28 02:15:21.439473+00', 'U/mL', null, null, null), ('dd36428c-1764-4ccc-b1ff-7cd6ff8368e4', '167598f2-d5a2-450e-a372-c8b8a0e8149d', 'Prothrombin time Control', '2025-10-13 08:23:02.007671+00', 'Seconds', null, null, null), ('dda5ea7e-055a-4032-96aa-6be6a0c9b54c', '91b764ca-fc8a-4114-897f-e325686a3b0d', '(1hr after the intake of glucose 50g)', '2025-10-12 16:18:45.53304+00', '.', null, null, null), ('e1505024-0358-431c-9de6-ee844c212dd8', '3ea45cbd-4b12-4ae1-9983-52e759219e98', 'COLOUR', '2026-03-16 08:04:30.219544+00', '‎', null, null, null), ('e1cd9403-4dda-42d8-bdb7-20327039bf1a', '3b5166cc-755f-433e-833c-7e8c746c13ce', 'Ideal Weight Range', '2025-10-23 20:04:23.463371+00', 'Kg', null, null, null), ('e1f96a8e-990a-4054-ae5e-3f0ce494f2d2', '9517c4cb-95fa-4aa5-86bd-2babfe6d59ce', 'PROTEIN TOTAL', '2025-10-26 12:25:00.319818+00', 'g/dl', null, null, null), ('e3d2c265-b7fc-45f2-b027-00686254a30c', 'c8ef76c2-3a25-44bd-909f-30aea43f6ac9', 'Blank Row 2', '2026-02-23 06:18:55.846788+00', null, null, null, null), ('e42d45db-dd08-41d2-b873-3e20ec2b19ff', 'd683c8f0-f901-465d-bb3d-1fee6282ebca', 'CHOLESTEROL/HDL RATIO', '2026-01-02 07:04:11.016162+00', '‎', null, null, null), ('e4522836-58ef-49d1-af97-d02cd6f9387d', '0eb518a2-0b98-4973-b4c3-700f4662cffc', 'RHEUMATOID FACTOR (RF)', '2025-10-23 20:12:04.143993+00', 'IU/ml', 'more', 'REPEATED & CONFIRMED', '128'), ('e496132b-5f93-461f-ae3a-8a84f63dd14d', 'fd562ba0-8432-4770-b40b-3239d00b18ac', 'Plasma Glucose 1 hour After Lunch', '2026-06-10 02:49:48.798507+00', 'mg/dl', null, null, null), ('e5dc9106-4120-4481-a626-2210368db9ef', '456fc82b-5031-46b4-9143-ad38ee788100', 'ALBUMIN', '2026-05-05 08:05:48.719358+00', 'g/dL', null, null, null), ('e638000b-70c4-4628-b436-7d59f9edb9c2', '12f0aca0-acd8-419a-87ee-57c62a9dfdd5', 'PLASMA GLUCOSE LEVEL - POST PRANDIAL', '2026-03-16 07:27:55.200322+00', 'mg/dl', 'more', 'REPEATED & CONFIRMED', '300'), ('e63b37ad-cbd3-4e98-802a-03bb70e8582e', '590315f2-e711-4746-bd05-e03facd925e1', 'URINE ALBUMIN', '2026-05-28 02:42:17.649758+00', 'mg/L', null, null, null), ('e7c90726-bc25-4138-a55f-2aad3a9afae2', '62810416-245e-43b0-9fcf-d9a3a077cfea', 'DENGUE ANTIGEN NS1', '2025-10-10 16:04:59.441694+00', '󠀠', null, null, null), ('ea5a3f89-29ed-4e56-a1f5-beb2b66324c2', '9517c4cb-95fa-4aa5-86bd-2babfe6d59ce', 'ALBUMIN', '2025-10-26 12:25:38.046563+00', 'g/dl', null, null, null), ('eb18e13f-40c7-4fc9-ac12-f1946bc75fa0', 'b2f64dd4-aa22-4f62-9a82-7fe64257e452', 'DIFFERENTIAL COUNT', '2025-10-14 06:43:51.561531+00', '.', null, null, null), ('ef87fef9-7bae-4e89-bbb7-43d590e71b8e', '50b56705-66b4-463c-bc1c-aba57fbe6223', 'Hook Worm ( N. americanus A. duodenale )', '2026-05-05 03:59:01.450549+00', null, null, null, null), ('f0075091-31e6-4b36-b75d-1f143b14a18f', '6eccf0e5-4a62-4504-8639-f8ab7d0723f6', 'PLATELET COUNT', '2025-10-05 11:52:51.092669+00', '/Cumm', 'less', 'PLEASE SHOW THIS REPORT TO YOUR DOCTOR', '100000'), ('f54d31bc-98e6-4174-b45d-4c89017abae0', '1f2cbb0e-1cff-4053-92ed-81970a469a3c', 'FIRST HOUR ESR READING', '2025-10-23 20:07:53.457636+00', 'mm/Hour', null, null, null), ('f6596e51-881f-4c0f-b3a1-834267604beb', '8b2f82a2-dbcd-4946-9821-5dbb6d009275', 'Blank Row 1', '2026-05-27 07:26:21.503246+00', null, null, null, null), ('f66570d8-24c4-4ebc-b384-aa18a544b2d6', 'a6840dbc-2538-4118-9940-49da2f44f36d', 'C REACTIVE PROTEIN', '2026-04-09 09:07:50.008704+00', 'mg/dl', 'more', 'REPEATED & CONFIRMED', '96'), ('f699d800-c516-4f5f-b566-435a48400149', '58eadf4e-f0ea-4c19-832a-5aa6fc9f50d6', 'CULTURE', '2025-10-25 07:40:52.249662+00', null, null, null, null), ('f6ae8198-829b-48a3-ae66-9c6cc8568003', '50e81f18-4115-43d2-83ce-34f4c0bf1bbe', 'IONIZED CALCIUM', '2026-05-28 02:21:36.362931+00', 'mmol/L', null, null, null), ('f803e931-8fa1-4428-9769-59dfd47c0b8f', '582d5736-fd3f-4698-9e46-10686e734567', 'CALCIUM', '2025-10-26 12:47:04.30019+00', 'mg/dL', null, null, null), ('f8c4110d-a761-4a97-95b3-d2efd4b67a11', '50b56705-66b4-463c-bc1c-aba57fbe6223', 'Colour', '2026-05-05 03:44:55.453952+00', null, null, null, null), ('fc8fb9fa-e8d1-4f3e-a62a-2f0bb0341127', '3505aa18-ea62-4e2a-aff5-b138482a854f', 'AST (S.G.O.T)', '2025-10-12 08:11:37.872788+00', 'IU/L', 'more', 'REPEATED & CONFIRMED', '100'), ('fcb41e6f-aa15-4436-a4a8-19bca670a965', 'cd7a51a8-93ae-405a-9a7c-924fa9ee8415', 'PROSTATE - SPECIFIC ANTIGEN (PSA)', '2026-05-28 02:25:11.595337+00', 'ng/mL', null, null, null), ('fdf0bb7a-a955-47b1-8e0d-0ca496fced00', '66d405a5-92f1-4f6c-848f-17c70615461d', 'Urine Albumin/Creatinine Retio', '2025-10-11 06:51:33.525838+00', null, null, null, null), ('fe2f8caf-a50f-42e0-9604-63fc637ca1b8', 'd8ce200d-7a01-4f04-8fcc-6fa82ab7797c', 'Post Prandial Plasma Glucose ( AL )', '2025-10-13 08:16:52.554181+00', 'mg/dL', 'more', 'REPEATED & CONFIRMED', '300'), ('fe434a75-c4e8-424d-9538-c5834ae0836f', 'b2f64dd4-aa22-4f62-9a82-7fe64257e452', 'MONOCYTES', '2025-10-14 06:46:55.610821+00', '%', null, null, null) ON CONFLICT (id) DO NOTHING;

-- ========== reference_ranges ==========
INSERT INTO "public"."reference_ranges" ("id", "test_id", "gender", "age_min", "age_max", "unit", "created_at", "subcategory_id", "min_value", "max_value") VALUES ('002baf21-3630-435b-bcd5-5adffa673365', '7312fab3-c2bc-47da-b08c-fa6cfb8d3101', 'Female', null, null, null, '2025-10-14 05:32:38.655976+00', '55d9167e-fbf0-4090-94a3-f9b8c082ede9', '95', '106'), ('01795d7c-2bc8-4ff2-b962-6b4fc28cff63', '6eccf0e5-4a62-4504-8639-f8ab7d0723f6', 'Baby', null, null, null, '2026-04-11 05:16:02.930645+00', '48ea826c-2679-46ea-883b-d57fcfb16858', '4000', '11000'), ('02f1633a-61a7-4042-914b-3b0523abfc16', '4f703738-0687-4d4a-9a19-15e19be23961', 'Male', null, null, null, '2025-10-13 08:15:28.306251+00', 'c3110cd4-37d9-4713-9ff7-d016a42bc8d3', null, '<140'), ('0377d965-336e-4492-a639-5c91574da6e6', '6eccf0e5-4a62-4504-8639-f8ab7d0723f6', 'Female', null, null, null, '2025-10-04 14:23:58.042389+00', '1f3bcf4f-e9c3-49ff-9014-946c70658965', '0', '2'), ('067ef269-c537-498f-b039-b62bb954d8bd', '88acf809-06b7-4891-a428-d483e7c4af2e', 'Female', null, null, null, '2025-12-30 06:41:52.637363+00', 'c03c99fb-7595-44d9-8de3-59b4d63c63c3', '7', '35'), ('069e056f-6942-46a7-a747-b7f7df106151', '4818de77-6b23-4205-bb93-84ed5eba9227', 'Female', null, null, null, '2025-10-13 06:33:24.340277+00', '4e7b0063-faa1-4162-a45f-45d5eac79148', '2.10', '3.80'), ('081f4dfd-aa12-40da-981a-898f4e49b464', '582d5736-fd3f-4698-9e46-10686e734567', 'Male', null, null, null, '2025-10-26 12:44:13.874567+00', '58690ff7-47f4-4a64-bc23-0e6faf40a969', '3.5', '5.1'), ('0827f08b-cf56-4874-8ee8-6b2e1c40d8e5', 'ba643e33-6ec9-4de7-b9d2-e266102cbb40', 'Female', null, null, null, '2025-10-12 16:07:55.520153+00', '6a25b0fb-1c8e-4fa5-9514-a20571b32a49', '2.0', '3.5'), ('085797ed-ea39-421f-ad8d-da7f8d9a128f', '278601c0-14c0-4cde-a979-a811532f5ea0', 'Male', null, null, null, '2025-10-13 06:36:33.836123+00', '86f72edf-71d4-4d11-8957-c29d0613f9e2', '2.5', '4.9'), ('09e468c8-21bb-4d0d-8174-273b30ab0db3', '4f703738-0687-4d4a-9a19-15e19be23961', 'Female', null, null, null, '2025-10-13 08:15:28.315215+00', 'c3110cd4-37d9-4713-9ff7-d016a42bc8d3', null, '<140'), ('0a7f916e-08ed-487f-a843-f4ac6b5dc216', '6eccf0e5-4a62-4504-8639-f8ab7d0723f6', 'Female', null, null, null, '2025-10-05 10:37:54.321932+00', '84234502-07a3-460f-899a-d8ddb6c15e3a', '3.50', '6.00'), ('0aaa52d2-ae97-4ab9-807d-05cb8a3fc15e', '9517c4cb-95fa-4aa5-86bd-2babfe6d59ce', 'Male', null, null, null, '2026-04-11 06:16:01.330929+00', 'ea5a3f89-29ed-4e56-a1f5-beb2b66324c2', '3.2', '4.8'), ('0b9ea28a-bb35-4c7d-9894-b6a4123d86fa', 'ba643e33-6ec9-4de7-b9d2-e266102cbb40', 'Male', null, null, null, '2025-10-12 16:06:40.48473+00', '97c81623-f6b6-4310-a877-6e1bb6e9aeef', '3.5', '5.2'), ('0c08c076-cc60-4f95-8136-23eb4a999072', 'a2d0b54d-d5a9-446d-b62d-64ee789c04ae', 'Female', null, null, null, '2026-05-03 06:43:40.193441+00', 'c1d9b663-6fa9-4964-93a9-21e7a8b46867', '21', '43'), ('0c2ea8ce-93dd-4e07-8860-da0a0822e453', '6eccf0e5-4a62-4504-8639-f8ab7d0723f6', 'Baby', null, null, null, '2026-04-11 05:25:23.135065+00', '1f3bcf4f-e9c3-49ff-9014-946c70658965', '0', '2'), ('0c4ec0a7-fe67-4207-9fab-5f4a02027324', 'c7d0f7da-0b86-4a61-a880-3ba9298dde18', 'Male', null, null, null, '2025-10-12 13:35:36.901106+00', 'a5a1a901-7150-480e-a3ca-c1b63aa760d2', '03', '11'), ('0d7005e1-f5fb-4869-be65-f464c55ea936', '99ac9480-663d-4c86-9467-e9260aa566e2', 'Male', null, null, null, '2026-05-28 02:06:56.889012+00', '33c86899-3be6-45fe-9d78-0aad1a2294ba', null, '< 200'), ('10b3d195-9f2f-4b44-9e17-590311f30e83', 'b2f64dd4-aa22-4f62-9a82-7fe64257e452', 'Male', null, null, null, '2025-10-14 06:45:29.784323+00', 'c3cc14ca-a450-49c9-9c83-2a2def77d233', '20', '40'), ('1162511b-f2fb-44d2-86fc-b56e0d6a35b0', '2299cfd3-ac2d-4847-af7c-a9365da1ea6f', 'Female', null, null, null, '2026-03-12 07:15:56.111837+00', 'ade67051-5a67-4c49-878c-9072f995da35', '75', '110'), ('11a6c883-6b9b-40f8-8707-d99c148c308b', '9a1239ae-6aaa-48da-957a-3cf60f9e2ea6', 'Male', null, null, null, '2026-05-05 08:03:21.628929+00', '94288e0e-65b4-4718-ac41-24afa37539ec', null, '<145'), ('11a85c49-0fd9-4101-8507-bb147c9e0dae', '97a7d1b0-9a12-4373-b8bc-a81549cc6aa2', 'Male', null, null, null, '2026-03-12 07:29:55.170188+00', '91392bff-9f61-48ce-8ed1-001fc4e3b377', '<140', null), ('11c76f87-5959-49f0-938a-c11c25954118', '6eccf0e5-4a62-4504-8639-f8ab7d0723f6', 'Baby', null, null, null, '2026-04-11 05:31:57.257766+00', '682f5128-962d-4060-9661-361d86cc807d', '27.0', '32.0'), ('126484ff-b9e6-4696-a8ca-ba439af48a11', '6eccf0e5-4a62-4504-8639-f8ab7d0723f6', 'Male', null, null, null, '2025-10-04 14:23:15.375714+00', 'a72c5cfb-2e9b-4899-8883-bfc1221e27bf', '1', '6'), ('13843bb8-1bba-4e0c-b7db-63df274549c9', 'b00aba6b-a861-4dff-b5f4-d0af5d2ed28a', 'Male', null, null, null, '2026-03-12 07:48:00.392244+00', '16b7d32f-03bf-4d8b-9a44-7441cfefa4d3', '<140', null), ('13864b3a-d3ef-4bbc-b3b0-9c57d431affd', '7cb24395-b5ae-4ed5-8d7c-8b483b28d349', 'Male', null, null, null, '2025-10-25 07:59:24.625915+00', '0f9b4bc8-6e9e-456b-90d9-09b0f43ee772', '11.5', '17.0'), ('1450f75f-f77d-46cd-ac53-b2a6e9a356e1', 'c0934760-7bbc-4eda-9284-f069e0c28402', 'Female', null, null, null, '2026-02-23 05:44:12.540266+00', '89f4dfb4-9534-4616-8177-c1e8fa4dd2e1', null, '< 140'), ('15104491-1373-4d0a-a152-5bcdfee77a47', 'bd27557f-7a94-46ea-a570-7030a7d282f2', 'Female', null, null, null, '2025-10-25 14:44:02.782498+00', '79551362-ae19-403f-8faa-8900e9bd2ffa', null, '<140'), ('15a4e410-6f87-4f70-87d0-345b82e7a348', 'b2f64dd4-aa22-4f62-9a82-7fe64257e452', 'Female', null, null, null, '2025-10-14 06:46:56.522419+00', 'fe434a75-c4e8-424d-9538-c5834ae0836f', '02', '10'), ('17b8fd78-6d93-490d-af85-1cfc6c660ad4', '6eccf0e5-4a62-4504-8639-f8ab7d0723f6', 'Male', null, null, null, '2025-10-04 14:22:05.706571+00', 'b51491fc-2ed8-4542-9d28-678e4aef3f47', '2', '10'), ('18cb01eb-c134-4166-98f5-ac56b0f53cac', 'c7d0f7da-0b86-4a61-a880-3ba9298dde18', 'Male', null, null, null, '2025-10-12 13:35:09.129938+00', '44989695-379a-4071-9a82-22d092304c3b', '03', '08'), ('1919d4aa-4fe2-466d-80a1-5404ae4843e6', 'c7223a4b-38ee-4bf1-953d-357d1d70b2de', 'Male', null, null, null, '2025-10-23 12:36:51.237607+00', '6fe081bd-e6b3-43c7-9cde-bc17c6748030', '11', '50'), ('191ae2c2-d3a1-41fb-9b95-d8e399a3b68c', '6aafb065-ca7f-4728-a597-f1ebce31d5b7', 'Female', null, null, null, '2026-05-05 08:17:48.524692+00', '1ca88056-7877-4ac1-b72f-6d5f411b13fe', '135', '148'), ('1b0995f6-3eb7-4a3e-a8c5-3fb1adce7833', '09db2545-4e56-4411-909f-76c3e069c0dd', 'Female', null, null, null, '2025-10-25 07:44:39.238159+00', '0b528ec8-27d5-4684-917a-76a592cd120d', '11', '42'), ('1bc68b79-cea7-4a60-94f4-ad0cf052ab9c', 'ba643e33-6ec9-4de7-b9d2-e266102cbb40', 'Male', null, null, null, '2025-10-12 16:05:58.299991+00', '47fa2bb3-59f0-41c5-8c38-742138fd7145', '6.0', '8.3'), ('1d0a8ba7-436b-4173-b8aa-760e278d53ff', '6eccf0e5-4a62-4504-8639-f8ab7d0723f6', 'Baby', null, null, null, '2026-04-11 05:24:46.498201+00', 'a72c5cfb-2e9b-4899-8883-bfc1221e27bf', '1', '6'), ('1d3b8522-a775-44b5-a62e-b9cddac05f73', 'c7d0f7da-0b86-4a61-a880-3ba9298dde18', 'Female', null, null, null, '2025-10-12 13:35:36.914616+00', 'a5a1a901-7150-480e-a3ca-c1b63aa760d2', '03', '11'), ('1e3e6222-c9a0-4958-8f69-b66b6f557b0f', '6599375a-b74d-468c-8256-1fa0cc9b7f6f', 'Male', null, null, null, '2025-10-23 12:50:57.711189+00', 'd5e9c9b9-e220-4640-85ec-ee10e23a8359', '0.3', '1.2'), ('1e8513a9-51be-4ac6-8ac3-7d097b9a7116', '0139c6c3-5843-4cd3-b91d-e38eb42830fd', 'Female', null, null, null, '2026-05-28 02:16:11.330693+00', 'dbb68446-e6a6-4051-8528-89a791f81dbb', null, '< 41'), ('1ed3a641-b026-4c2b-8414-f388b1df3e89', '6eccf0e5-4a62-4504-8639-f8ab7d0723f6', 'Baby', null, null, null, '2026-04-11 05:33:01.187438+00', '62cd0beb-57ba-4ac9-a678-db8abd9db76e', '31.5', '34.5'), ('23aeb7fa-c695-4d43-8c12-8669ac9b5b55', '582d5736-fd3f-4698-9e46-10686e734567', 'Female', null, null, null, '2025-10-26 12:45:06.232606+00', '2a0733d5-167f-4f4f-93d1-f95a57003c71', '98', '107'), ('23fe31b6-42e9-4ae2-8063-676ab3401b72', 'ba643e33-6ec9-4de7-b9d2-e266102cbb40', 'Male', null, null, null, '2025-10-12 16:08:32.432635+00', '8aaed699-a4bb-40ca-8208-a453d41b6f00', '1.0', '2.1'), ('2553eb19-d4ed-442f-a347-a0decd552ba3', '443f42f8-8151-4e1b-8dff-9d92b58b48e9', 'Female', null, null, null, '2025-10-11 06:17:20.188131+00', '8df0db2f-cc10-4392-82d6-6642a170bbfc', '75', '110'), ('2625290b-ecf3-4095-8ef4-8837847c2ea6', '1bd22e4a-fc6d-4052-a0e7-c9989082a9c6', 'Female', null, null, null, '2026-05-05 03:28:44.224877+00', '1cb4fd17-19da-4a46-bbfb-4767825bddff', null, '< 140'), ('26fca1e7-dae6-4426-9b51-534b9de07489', 'ba643e33-6ec9-4de7-b9d2-e266102cbb40', 'Female', null, null, null, '2025-10-12 16:09:21.15671+00', 'a6183710-e582-488f-bc12-f763b27fbbdc', '0.2', '1.2'), ('27258b1b-a7c5-4f66-a00d-ebe920da9eeb', 'ba643e33-6ec9-4de7-b9d2-e266102cbb40', 'Male', null, null, null, '2025-10-12 16:10:33.830568+00', '712580be-f391-4db5-8853-3aa14230fdf1', '35', '104'), ('2821b8e8-f358-4de3-b49d-3efd7d9b0afd', '6eccf0e5-4a62-4504-8639-f8ab7d0723f6', 'Baby', null, null, null, '2026-04-11 05:21:20.007027+00', 'd5a54757-9ee9-47ca-9e31-67eedb73355d', '20', '40'), ('283ae7b6-bb4d-46a7-8e08-7f14e515d80c', '9517c4cb-95fa-4aa5-86bd-2babfe6d59ce', 'Female', null, null, null, '2026-04-11 06:16:56.456321+00', 'a9b92b96-0d7e-497d-a3bd-bdf57ec4fa5f', '1.2', '4.8'), ('29cf8973-a41d-413b-80e8-f19c40bf4fbc', 'c0934760-7bbc-4eda-9284-f069e0c28402', 'Female', null, null, null, '2026-02-23 05:46:34.473854+00', '67f62dd8-48de-4911-b297-b49a4764123f', null, '<140'), ('2abf0dd1-7f65-467d-847f-0a52c3a797df', '9a1239ae-6aaa-48da-957a-3cf60f9e2ea6', 'Female', null, null, null, '2026-05-05 08:03:21.625203+00', '94288e0e-65b4-4718-ac41-24afa37539ec', null, '<145'), ('2b3e3ef6-5fa7-41cc-b1ff-ce69698bc53a', '9517c4cb-95fa-4aa5-86bd-2babfe6d59ce', 'Baby', null, null, null, '2026-04-11 06:16:56.481006+00', 'a9b92b96-0d7e-497d-a3bd-bdf57ec4fa5f', '1.2', '4.8'), ('2b773226-d3ff-48d1-a507-50ac80607563', '167598f2-d5a2-450e-a372-c8b8a0e8149d', 'Female', null, null, null, '2025-10-13 08:22:37.789583+00', '930afdaa-1c5f-4d15-a6f6-419cacee8a95', '00', '15'), ('2ee5a382-ad3f-49b5-850b-cba83185eba9', 'b00aba6b-a861-4dff-b5f4-d0af5d2ed28a', 'Male', null, null, null, '2026-03-12 07:50:43.006708+00', '218d54bc-7fb8-4202-8399-22c1dbfc893f', '<140', null), ('2ee5fc44-30c0-4471-b2cc-f4d88041b742', 'b2f64dd4-aa22-4f62-9a82-7fe64257e452', 'Female', null, null, null, '2025-10-14 06:52:50.563014+00', '76734655-2e20-4645-a8ea-60e06a0715a1', '00', '02'), ('2fa6c26c-f63c-48fc-9f16-6d26356099ac', 'b2f64dd4-aa22-4f62-9a82-7fe64257e452', 'Male', null, null, null, '2025-10-14 06:52:51.07344+00', '76734655-2e20-4645-a8ea-60e06a0715a1', '00', '02'), ('325dee2b-b2fc-4649-ad50-9237e9b4183b', '372ff9a8-33b8-4dee-b48c-55387de03a7e', 'Female', null, null, null, '2025-10-12 13:45:55.977692+00', 'bde00e9f-c62e-4c06-85d8-90e837280538', '03', '11'), ('33429204-ebaf-45c8-b968-4dd3c38619e4', '443f42f8-8151-4e1b-8dff-9d92b58b48e9', 'Male', null, null, null, '2025-10-11 06:17:20.652248+00', '8df0db2f-cc10-4392-82d6-6642a170bbfc', '75', '110'), ('339e03bc-3a0f-407d-88dd-2c2cd3745534', '8f3f216f-b285-4e1a-9dcd-9fd1e5e17642', 'Female', null, null, null, '2025-10-12 13:34:08.049643+00', 'be162fcb-4bc3-44ce-8df7-b2da4716c39e', '03', '08'), ('345ab8b3-4de0-4a59-94f8-8a1eed862137', '66d405a5-92f1-4f6c-848f-17c70615461d', 'Male', null, null, null, '2025-10-11 06:51:33.965644+00', 'fdf0bb7a-a955-47b1-8e0d-0ca496fced00', null, '<30.00'), ('364208f3-7bad-4a53-b944-694268337636', '3c971ba6-3c2e-4478-940a-94a5582b60da', 'Male', null, null, null, '2025-12-30 06:38:12.595785+00', '6a084ad2-4c75-4905-be57-04135e8d8189', '10', '40'), ('38044127-006b-4ee0-8dc1-588780ca55da', '4fd33cbd-6544-4678-85bb-a6d20f810962', 'Male', null, null, null, '2025-10-23 12:40:10.139664+00', '7bef8379-b478-4593-9f71-17c7e650051e', null, '<200'), ('386bee03-f600-40d1-be93-7a74fbb2e2a5', '6eccf0e5-4a62-4504-8639-f8ab7d0723f6', 'Male', null, null, null, '2025-10-05 10:40:34.900761+00', '652c0ab1-4802-49b6-8d1f-028e1939bf18', '36.00', '50.00'), ('3abfb087-179e-4c28-b3e2-19364249f419', '0eb518a2-0b98-4973-b4c3-700f4662cffc', 'Female', null, null, null, '2025-10-23 20:12:05.166168+00', 'e4522836-58ef-49d1-af97-d02cd6f9387d', null, '<8'), ('3adc415e-2556-4712-9edd-fcd653e42f37', '6eccf0e5-4a62-4504-8639-f8ab7d0723f6', 'Male', null, null, null, '2025-10-05 10:39:28.055936+00', '75dac18e-db6d-4781-8e24-8e77dbc6ab1a', '11.5', '17.0'), ('3feeab01-59a1-4c80-a5d2-b6d30d492ed2', '582d5736-fd3f-4698-9e46-10686e734567', 'Female', null, null, null, '2025-10-26 12:44:13.898056+00', '58690ff7-47f4-4a64-bc23-0e6faf40a969', '3.5', '5.1'), ('421d9ab8-7d1c-4849-a6b4-ddcc274662b9', '6eccf0e5-4a62-4504-8639-f8ab7d0723f6', 'Baby', null, null, null, '2026-04-11 05:31:12.221408+00', '5298291c-7421-467a-a7e0-84f6ee172c9c', '80.0', '101.0'), ('433ca00a-74f9-4980-ae9a-e6e54fcf7008', 'ed567c42-2195-456f-b861-dd428e899813', 'Male', null, null, null, '2025-10-14 06:12:07.417745+00', '3c086632-4e65-4b94-85fc-e748a28a4013', '262', '870'), ('43889620-9678-417b-98e9-c319d519c138', '582d5736-fd3f-4698-9e46-10686e734567', 'Female', null, null, null, '2025-10-26 12:45:44.869627+00', 'a7a3286c-32d2-40c0-8142-ce40c13332e0', '11', '42'), ('45322295-8c67-43c2-a010-6249e292bede', '36aaf12e-17c5-4489-a332-ef821f6c9354', 'Female', null, null, null, '2025-10-12 08:13:19.032282+00', '4dcf6060-b61e-4587-812c-627ec10766c5', null, '< 100'), ('46332109-3bf6-47a6-8e41-0170246706de', '97a7d1b0-9a12-4373-b8bc-a81549cc6aa2', 'Male', null, null, null, '2026-03-12 07:24:59.930788+00', '35a14d0c-233a-4d14-87a0-dbf1d0ce2590', '75', '110'), ('463a0d92-3b22-4dab-b9b8-abf0e7214d15', 'b00aba6b-a861-4dff-b5f4-d0af5d2ed28a', 'Female', null, null, null, '2026-03-12 07:49:36.482228+00', '4e278531-e918-4ac0-8e5c-7427fefb8cfe', '<140', null), ('46f03323-017b-470c-8a0d-8cbbbb0f1c11', 'c8ef76c2-3a25-44bd-909f-30aea43f6ac9', 'Male', null, null, null, '2026-02-23 06:00:56.030034+00', '7f24211c-f35f-4783-9eeb-5572e0b886ff', '> 2', null), ('4741a055-da8a-4509-b2fa-2f1c15195454', '810a38d1-462d-45d2-825a-57fcd00e5cc4', 'Male', null, null, null, '2026-05-05 08:11:51.630563+00', '6ff2119e-3927-4c75-8559-40818d575eca', '3.50', '5.00'), ('49713c15-21ef-4dd4-8998-aa085b28689b', '4818de77-6b23-4205-bb93-84ed5eba9227', 'Male', null, null, null, '2025-10-13 06:33:23.830395+00', '4e7b0063-faa1-4162-a45f-45d5eac79148', '2.10', '3.80'), ('4a4e9715-9574-46cb-9f1e-3b4d813bcf8b', '456fc82b-5031-46b4-9143-ad38ee788100', 'Male', null, null, null, '2026-05-05 08:08:34.380985+00', '27feb536-7120-4c2a-91a4-2d272fe29998', '2.1', '2.6'), ('4b9b9478-acd3-472f-9cc6-734691115474', 'ba643e33-6ec9-4de7-b9d2-e266102cbb40', 'Female', null, null, null, '2025-10-12 16:05:58.252069+00', '47fa2bb3-59f0-41c5-8c38-742138fd7145', '6.0', '8.3'), ('4c22576e-cf7f-4462-b8a8-4def8a3fa8fe', '6eccf0e5-4a62-4504-8639-f8ab7d0723f6', 'Female', null, null, null, '2025-10-04 14:22:06.109194+00', 'b51491fc-2ed8-4542-9d28-678e4aef3f47', '2', '10'), ('4e2efcb2-1b61-4bb4-bac0-d67fed1ec22b', 'ed567c42-2195-456f-b861-dd428e899813', 'Female', null, null, null, '2025-10-14 06:12:06.914321+00', '3c086632-4e65-4b94-85fc-e748a28a4013', '9.0', '56.0'), ('4f208310-538b-440f-bae6-b94f3d50ed9b', '6eccf0e5-4a62-4504-8639-f8ab7d0723f6', 'Male', null, null, null, '2025-10-04 14:19:15.810906+00', '48ea826c-2679-46ea-883b-d57fcfb16858', '4000', '11000'), ('51b64172-eb6f-4d34-b04c-bfae6cd01e93', '167598f2-d5a2-450e-a372-c8b8a0e8149d', 'Male', null, null, null, '2025-10-13 08:22:37.291137+00', '930afdaa-1c5f-4d15-a6f6-419cacee8a95', '00', '15'), ('52db22f8-1115-4154-919b-82f992e219e5', '2a695102-1661-43b0-a28a-d62172b6de0d', 'Female', null, null, null, '2025-10-12 16:24:50.404104+00', '1923601e-fa3f-4568-a06e-754a22690eb5', null, '<140'), ('54e15e9e-8b3a-463a-9679-74b8342b47c0', '582d5736-fd3f-4698-9e46-10686e734567', 'Female', null, null, null, '2025-10-26 12:46:28.923001+00', '62d0ddf2-8194-4cd5-b3cf-cb5e85a4d03e', '0.5', '1.2'), ('5768fdb8-6ffb-4a8e-8f87-e15ac66362ff', 'ba643e33-6ec9-4de7-b9d2-e266102cbb40', 'Male', null, null, null, '2025-10-12 16:11:19.698113+00', '65fc42da-7c8e-4979-974a-f7eee32e792b', null, '< 34'), ('5abc5c4c-1067-4d36-bc74-a27d527089b8', '3a48824f-c567-432c-925f-c10d1520f711', 'Female', null, null, null, '2025-10-13 08:13:39.492248+00', 'a7f614c0-93ae-4e28-9407-6be1401b2c5c', '150000', '400000'), ('5da68e43-12e5-41d3-904b-c846b5aed4e7', 'ba643e33-6ec9-4de7-b9d2-e266102cbb40', 'Female', null, null, null, '2025-10-12 16:06:40.4945+00', '97c81623-f6b6-4310-a877-6e1bb6e9aeef', '3.5', '5.2'), ('5e2fff80-bbca-487c-9e09-b5e847ee9f09', '456fc82b-5031-46b4-9143-ad38ee788100', 'Female', null, null, null, '2026-05-05 08:08:34.392802+00', '27feb536-7120-4c2a-91a4-2d272fe29998', '2.1', '2.6'), ('5ea40981-341b-43b3-9d41-8bae813634d6', 'c7223a4b-38ee-4bf1-953d-357d1d70b2de', 'Baby', null, null, null, '2026-04-11 06:06:06.940192+00', '6fe081bd-e6b3-43c7-9cde-bc17c6748030', '11', '50'), ('5eb76442-50c3-4abf-a502-8fe10418f470', '6aafb065-ca7f-4728-a597-f1ebce31d5b7', 'Male', null, null, null, '2026-05-05 08:17:48.537692+00', '1ca88056-7877-4ac1-b72f-6d5f411b13fe', '135', '148'), ('5f5daec4-8d1a-4161-8a75-5f42900ff0eb', '3505aa18-ea62-4e2a-aff5-b138482a854f', 'Male', null, null, null, '2025-10-12 08:11:38.277359+00', 'fc8fb9fa-e8d1-4f3e-a62a-2f0bb0341127', '13', '31'), ('612991e7-a008-40b6-b561-04a1e8012d7d', '6eccf0e5-4a62-4504-8639-f8ab7d0723f6', 'Male', null, null, null, '2025-10-04 14:23:57.604449+00', '1f3bcf4f-e9c3-49ff-9014-946c70658965', '0', '2'), ('65eddeab-dc2a-4b9b-a12b-54d5c7f3ccf2', '9517c4cb-95fa-4aa5-86bd-2babfe6d59ce', 'Female', null, null, null, '2026-04-11 06:16:01.328551+00', 'ea5a3f89-29ed-4e56-a1f5-beb2b66324c2', '3.2', '4.8'), ('68244bf1-c8dd-4144-9691-55fb5744d8ed', 'c8ef76c2-3a25-44bd-909f-30aea43f6ac9', 'Male', null, null, null, '2026-02-23 06:03:40.525303+00', '83ba4a9c-566b-4722-a3c8-5215e00f529e', null, '< 30'), ('69f337a9-0e62-4cc1-9e69-8678adefb1a8', '9ffd6bdc-6bf4-42a3-86ce-3501363f9afc', 'Male', null, null, null, '2025-10-12 15:59:39.601878+00', '950f328b-1ab9-4c82-a5f0-d1992cc2f9e1', null, '< 5.60'), ('6a369f54-3a3f-414b-9b0e-739b67a69ed1', '7312fab3-c2bc-47da-b08c-fa6cfb8d3101', 'Male', null, null, null, '2025-10-04 12:22:27.812675+00', '716febb3-5803-47c9-a56f-88a77c61e523', '135', '148'), ('6af98a09-ed57-4ea0-bbe8-5ff44e354463', '7cb24395-b5ae-4ed5-8d7c-8b483b28d349', 'Female', null, null, null, '2025-10-25 07:59:25.139808+00', '0f9b4bc8-6e9e-456b-90d9-09b0f43ee772', '12.0', '15.0'), ('6c04231b-d3e5-4c5f-9069-f9efb6d00219', 'a28e728e-2654-4bd6-a78f-84c18638d2f8', 'Male', null, null, null, '2026-05-28 02:08:51.094325+00', 'ab445101-3b3e-466d-92b1-34936f1df20f', null, '< 37'), ('6d2112db-be67-442d-ba80-6de06d049ec1', '1bd22e4a-fc6d-4052-a0e7-c9989082a9c6', 'Male', null, null, null, '2026-05-05 03:28:44.225155+00', '1cb4fd17-19da-4a46-bbfb-4767825bddff', null, '<140'), ('6d9c810d-c005-4049-9646-3d68f0484562', '6eccf0e5-4a62-4504-8639-f8ab7d0723f6', 'Female', null, null, null, '2025-10-05 11:42:29.270191+00', '62cd0beb-57ba-4ac9-a678-db8abd9db76e', '31.5', '34.5'), ('6e026eb4-d3c1-44b0-8dd9-592f66533563', '4fd33cbd-6544-4678-85bb-a6d20f810962', 'Female', null, null, null, '2025-10-23 12:40:11.642163+00', '7bef8379-b478-4593-9f71-17c7e650051e', null, '<200'), ('6ea04abf-0c10-4977-b555-67e4ab7b4200', 'd8ce200d-7a01-4f04-8fcc-6fa82ab7797c', 'Male', null, null, null, '2025-10-13 08:16:52.958456+00', 'fe2f8caf-a50f-42e0-9604-63fc637ca1b8', null, '<140'), ('6eca9e8f-46da-422f-86d8-29b301415ae8', 'c0934760-7bbc-4eda-9284-f069e0c28402', 'Female', null, null, null, '2026-01-20 17:12:58.38957+00', 'c63205ba-0b7d-4ece-9101-c67c67d50806', '75', '110'), ('6fb8e139-ed31-426c-9221-e025dcd00121', '6eccf0e5-4a62-4504-8639-f8ab7d0723f6', 'Male', null, null, null, '2025-10-05 10:37:53.933075+00', '84234502-07a3-460f-899a-d8ddb6c15e3a', '3.50', '6.00'), ('723e36e9-7fe5-4553-9717-85c9801fba3b', 'bfdd6bac-c05f-4f06-8ba0-fa0e995ea3fe', 'Male', null, null, null, '2026-05-28 02:11:52.700379+00', '867da253-748d-467e-ba35-69cdc6315b57', null, '< 9.5'), ('725ad7fd-22ed-4cb0-89e4-d55c516490ff', '6eccf0e5-4a62-4504-8639-f8ab7d0723f6', 'Female', null, null, null, '2025-10-05 10:39:28.952894+00', '75dac18e-db6d-4781-8e24-8e77dbc6ab1a', '12.0', '15.0'), ('7270bb9e-1fea-4231-9911-e15b64b2eec2', 'ba643e33-6ec9-4de7-b9d2-e266102cbb40', 'Female', null, null, null, '2025-10-12 16:13:01.217084+00', '1efa8675-d838-411c-95f9-12465c21ff4b', null, '< 38'), ('7289008b-8b08-40a8-bf19-63f0a0068e6f', 'd972c88a-136c-455e-b5c5-2c56809ba63b', 'Male', null, null, null, '2025-10-25 14:48:34.389291+00', 'd50704e3-7017-4af8-8438-4ba50189de59', null, '<140'), ('73ed7349-cd2b-4aba-b9f7-17c2b2378612', '6eccf0e5-4a62-4504-8639-f8ab7d0723f6', 'Male', null, null, null, '2025-10-05 11:52:51.537858+00', 'f0075091-31e6-4b36-b75d-1f143b14a18f', '150000', '410000'), ('752b13c0-c557-418a-81ca-450b9f1b37a4', '0eb518a2-0b98-4973-b4c3-700f4662cffc', 'Male', null, null, null, '2025-10-23 20:12:04.646576+00', 'e4522836-58ef-49d1-af97-d02cd6f9387d', null, '<8'), ('75a312bc-567c-42e8-b75e-611d313b0f31', 'b3ca9595-a144-4bea-a219-c315b6f95a59', 'Female', null, null, null, '2025-10-23 12:53:06.122554+00', 'bae33ebe-9b49-474c-b2f5-a5bff123250f', '0.2', '1.7'), ('75a409fc-8337-487a-94d2-316f9370abaf', 'c0934760-7bbc-4eda-9284-f069e0c28402', 'Female', null, null, null, '2026-02-23 05:45:47.066259+00', '7f816321-8c10-4f8b-b7af-92df0f69b09c', null, '< 140'), ('76d7a9d6-d68a-46e7-a8cd-7d8144fb8876', 'd972c88a-136c-455e-b5c5-2c56809ba63b', 'Female', null, null, null, '2025-10-25 14:48:34.395163+00', 'd50704e3-7017-4af8-8438-4ba50189de59', null, '<140'), ('78276725-89b9-44c8-87d5-a0d0c1d8d8dd', '9ffd6bdc-6bf4-42a3-86ce-3501363f9afc', 'Female', null, null, null, '2025-10-12 15:59:40.123871+00', '950f328b-1ab9-4c82-a5f0-d1992cc2f9e1', null, '< 5.60'), ('79a929e2-e956-40d8-8133-1263813f10fc', '6eccf0e5-4a62-4504-8639-f8ab7d0723f6', 'Baby', null, null, null, '2026-04-11 05:32:32.789965+00', '373e88ca-5b5e-4efc-ad0f-0325327652e9', '11.6', '14.0'), ('7a393218-17bc-4212-8259-c733da3d0079', 'ba643e33-6ec9-4de7-b9d2-e266102cbb40', 'Female', null, null, null, '2025-10-12 16:10:34.336041+00', '712580be-f391-4db5-8853-3aa14230fdf1', '35', '104'), ('7ad5bdaa-03ef-410e-9a8f-c6366727631d', '810a38d1-462d-45d2-825a-57fcd00e5cc4', 'Female', null, null, null, '2026-05-05 08:11:51.620898+00', '6ff2119e-3927-4c75-8559-40818d575eca', '3.50', '5.00'), ('7b533228-6afa-4be4-903f-e0cd0fa7f03a', '6eccf0e5-4a62-4504-8639-f8ab7d0723f6', 'Male', null, null, null, '2025-10-05 11:43:30.695691+00', '373e88ca-5b5e-4efc-ad0f-0325327652e9', '11.6', '14.0'), ('7c993262-35fb-4567-8256-74092d0a04f6', 'c0934760-7bbc-4eda-9284-f069e0c28402', 'Male', null, null, null, '2026-02-23 05:45:47.112409+00', '7f816321-8c10-4f8b-b7af-92df0f69b09c', null, '< 140'), ('7df1a2c5-ace5-4109-aa56-756244e926fe', '9517c4cb-95fa-4aa5-86bd-2babfe6d59ce', 'Male', null, null, null, '2026-04-11 06:15:17.818285+00', 'e1f96a8e-990a-4054-ae5e-3f0ce494f2d2', '6.0', '8.0'), ('7ebf9a70-d3e4-488d-8035-defa54349978', '2a695102-1661-43b0-a28a-d62172b6de0d', 'Male', null, null, null, '2025-10-12 16:24:50.392826+00', '1923601e-fa3f-4568-a06e-754a22690eb5', null, '<140'), ('80027557-4d03-4128-ab01-fbb5015777ee', 'b00aba6b-a861-4dff-b5f4-d0af5d2ed28a', 'Male', null, null, null, '2026-03-12 07:49:36.447599+00', '4e278531-e918-4ac0-8e5c-7427fefb8cfe', '<140', null), ('80b39175-05aa-4525-a115-c5443c567f6a', '99ac9480-663d-4c86-9467-e9260aa566e2', 'Female', null, null, null, '2026-05-28 02:06:56.88882+00', '33c86899-3be6-45fe-9d78-0aad1a2294ba', null, '< 200'), ('80bb4ee5-7740-4172-bd92-00317be015c3', '456fc82b-5031-46b4-9143-ad38ee788100', 'Male', null, null, null, '2026-05-05 08:07:49.697705+00', 'e5dc9106-4120-4481-a626-2210368db9ef', '2.4', '5.4'), ('82a83d1c-b705-4720-97fb-dca9eec2596c', 'ba643e33-6ec9-4de7-b9d2-e266102cbb40', 'Male', null, null, null, '2025-10-12 16:13:00.71627+00', '1efa8675-d838-411c-95f9-12465c21ff4b', null, '< 38'), ('82e0dd3a-10ef-41ae-b022-ce19c19e7663', 'b2f64dd4-aa22-4f62-9a82-7fe64257e452', 'Male', null, null, null, '2025-10-14 06:51:34.391256+00', '8c038e7e-54a1-444b-90ad-1c33630eee0b', '01', '06'), ('832639b7-0539-4316-b5f9-cc2a72ede902', '09db2545-4e56-4411-909f-76c3e069c0dd', 'Male', null, null, null, '2025-10-25 07:44:39.240196+00', '0b528ec8-27d5-4684-917a-76a592cd120d', '11', '42'), ('83ff75f2-32ef-4da7-a654-57fbfd442c26', 'b2f64dd4-aa22-4f62-9a82-7fe64257e452', 'Female', null, null, null, '2025-10-14 06:51:34.349006+00', '8c038e7e-54a1-444b-90ad-1c33630eee0b', '01', '06'), ('8471d0f4-7aa3-4d25-b680-176f852709ac', '3c971ba6-3c2e-4478-940a-94a5582b60da', 'Female', null, null, null, '2025-12-30 06:38:12.591147+00', '6a084ad2-4c75-4905-be57-04135e8d8189', '7', '35'), ('850d6350-be0f-49b6-b409-997b58675e5b', '6eccf0e5-4a62-4504-8639-f8ab7d0723f6', 'Baby', null, null, null, '2026-04-11 05:27:10.978856+00', '84234502-07a3-460f-899a-d8ddb6c15e3a', '3.50', '6.00'), ('858d0921-d1f2-4e6c-9639-5433b82a7c2a', 'd972c88a-136c-455e-b5c5-2c56809ba63b', 'Male', null, null, null, '2025-10-25 14:48:10.582106+00', '6f873da9-193d-4dfb-af5a-7ec8504cd3e0', null, '<140'), ('87f42d3d-16d0-4bce-8adc-97d97b4fbf0f', '97a7d1b0-9a12-4373-b8bc-a81549cc6aa2', 'Male', null, null, null, '2026-03-12 07:28:12.924263+00', '1e4b6d5f-b0d8-40b0-8457-be43621c1c82', '<140', null), ('8b092756-2fd3-40df-9ab7-933c3a288e95', 'b2f64dd4-aa22-4f62-9a82-7fe64257e452', 'Female', null, null, null, '2025-10-14 06:44:49.828197+00', '07e50a7c-5488-4d08-950e-dddb16e74ee7', '40', '80'), ('8d25620e-60d0-46b2-93d3-7b275360cd9d', '6eccf0e5-4a62-4504-8639-f8ab7d0723f6', 'Baby', null, null, null, '2026-04-11 05:33:53.657133+00', 'f0075091-31e6-4b36-b75d-1f143b14a18f', '150000', '410000'), ('8dc6c79a-62d1-46e7-9944-c1f35440a942', 'ba643e33-6ec9-4de7-b9d2-e266102cbb40', 'Female', null, null, null, '2025-10-12 16:11:19.698543+00', '65fc42da-7c8e-4979-974a-f7eee32e792b', null, '< 34'), ('90366c34-4151-4119-98c6-466dd1b3b44a', 'bfdd6bac-c05f-4f06-8ba0-fa0e995ea3fe', 'Female', null, null, null, '2026-05-28 02:11:52.726348+00', '867da253-748d-467e-ba35-69cdc6315b57', null, '< 9.5'), ('92d4e08a-fa5f-4dbe-b9ed-fc70cb5a5f2d', '3c971ba6-3c2e-4478-940a-94a5582b60da', 'Female', null, null, null, '2025-12-30 06:38:45.050693+00', 'cb1a9b79-e17e-4654-9506-7c06f7ac15c5', '13', '31'), ('930f5fd4-2f57-45e9-8fa7-5520d4774e40', '97a7d1b0-9a12-4373-b8bc-a81549cc6aa2', 'Female', null, null, null, '2026-03-12 07:28:12.40459+00', '1e4b6d5f-b0d8-40b0-8457-be43621c1c82', '<140', null), ('934f08c1-6af2-4836-a866-949b5148748a', '2299cfd3-ac2d-4847-af7c-a9365da1ea6f', 'Male', null, null, null, '2026-03-12 07:15:56.118378+00', 'ade67051-5a67-4c49-878c-9072f995da35', '75', '110'), ('93a22cd4-c42e-4b72-b333-b96ed0c45e01', '278601c0-14c0-4cde-a979-a811532f5ea0', 'Female', null, null, null, '2025-10-13 06:36:33.84767+00', '86f72edf-71d4-4d11-8957-c29d0613f9e2', '2.5', '4.9'), ('942ed544-ebb3-4e3e-9211-4b1fa6e9c5c2', '7312fab3-c2bc-47da-b08c-fa6cfb8d3101', 'Male', null, null, null, '2025-10-14 05:32:38.158235+00', '55d9167e-fbf0-4090-94a3-f9b8c082ede9', '95', '106'), ('9588fc60-e66e-427e-8b60-0b3564802a36', '0139c6c3-5843-4cd3-b91d-e38eb42830fd', 'Male', null, null, null, '2026-05-28 02:16:11.317722+00', 'dbb68446-e6a6-4051-8528-89a791f81dbb', null, '< 41'), ('989b438a-a03a-44a5-842d-9a7364eb5b1e', 'b2f64dd4-aa22-4f62-9a82-7fe64257e452', 'Male', null, null, null, '2025-10-14 06:44:49.303592+00', '07e50a7c-5488-4d08-950e-dddb16e74ee7', '40', '80'), ('99839c52-b411-425d-832f-f047acf82d4b', 'a8ca44f6-64c9-4b15-9e97-fbbb80f2caac', 'Male', null, null, null, '2025-10-12 16:21:47.204997+00', '1b452a27-3bee-4994-a4c4-6488df1030ca', null, '<140'), ('9a62faa8-0ec1-4a37-8dbb-f4417fcc237e', 'c7223a4b-38ee-4bf1-953d-357d1d70b2de', 'Female', null, null, null, '2025-10-23 12:36:50.710555+00', '6fe081bd-e6b3-43c7-9cde-bc17c6748030', '11', '50'), ('9dc6b758-b264-404c-b45c-0d2a07bb3319', '6eccf0e5-4a62-4504-8639-f8ab7d0723f6', 'Baby', null, null, null, '2026-04-11 05:17:06.182914+00', '2ac982af-4ae6-4b1e-b6d0-3789a64b08ef', '40', '80'), ('9de0fc9c-0c4c-4603-a744-00269afb5400', '9517c4cb-95fa-4aa5-86bd-2babfe6d59ce', 'Male', null, null, null, '2026-04-11 06:16:56.422968+00', 'a9b92b96-0d7e-497d-a3bd-bdf57ec4fa5f', '1.2', '4.8'), ('a0596285-8a0d-498c-91a4-135a6e59ef74', 'c7d0f7da-0b86-4a61-a880-3ba9298dde18', 'Female', null, null, null, '2025-10-12 13:35:09.145642+00', '44989695-379a-4071-9a82-22d092304c3b', '03', '08'), ('a10b2915-6fbc-47d4-8f64-fc8528c6d200', '6eccf0e5-4a62-4504-8639-f8ab7d0723f6', 'Female', null, null, null, '2025-10-04 14:19:16.188138+00', '48ea826c-2679-46ea-883b-d57fcfb16858', '4000', '11000'), ('a1d38a70-d9e2-4b4a-b0a7-ef0092707e56', '88acf809-06b7-4891-a428-d483e7c4af2e', 'Male', null, null, null, '2025-12-30 06:41:52.650714+00', 'c03c99fb-7595-44d9-8de3-59b4d63c63c3', '10', '40'), ('a1e19e5a-a029-421c-8ce7-5fb09324182e', '6eccf0e5-4a62-4504-8639-f8ab7d0723f6', 'Female', null, null, null, '2025-10-04 14:21:18.01855+00', 'd5a54757-9ee9-47ca-9e31-67eedb73355d', '20', '40'), ('a398d3ce-d4fb-4b51-aac1-e76ffd767cc5', '6eccf0e5-4a62-4504-8639-f8ab7d0723f6', 'Male', null, null, null, '2025-10-04 14:21:17.612301+00', 'd5a54757-9ee9-47ca-9e31-67eedb73355d', '20', '40'), ('a6c8feeb-0f41-4feb-88f3-785eca56892a', 'b2f64dd4-aa22-4f62-9a82-7fe64257e452', 'Female', null, null, null, '2025-10-14 06:45:30.270335+00', 'c3cc14ca-a450-49c9-9c83-2a2def77d233', '20', '40'), ('a70576aa-91cb-4aed-95c4-15f6b77588b5', '456fc82b-5031-46b4-9143-ad38ee788100', 'Male', null, null, null, '2026-05-05 08:07:02.557815+00', '004bd4bd-f380-4897-96f3-4ef027df5e98', '2.11', '2.68'), ('a754cfc6-838d-4e9b-a5ba-c4c39d07bce2', '6eccf0e5-4a62-4504-8639-f8ab7d0723f6', 'Female', null, null, null, '2025-10-05 11:43:30.744442+00', '373e88ca-5b5e-4efc-ad0f-0325327652e9', '11.6', '14.0'), ('a769aee0-64b1-4853-b041-a9a6674cc2e3', '66d405a5-92f1-4f6c-848f-17c70615461d', 'Female', null, null, null, '2025-10-11 06:51:34.17133+00', 'fdf0bb7a-a955-47b1-8e0d-0ca496fced00', null, '<30.00'), ('a7c5fa90-4699-4b60-aedd-80c386101041', 'b2f64dd4-aa22-4f62-9a82-7fe64257e452', 'Male', null, null, null, '2025-10-14 06:37:33.354466+00', '2957ba7e-a23e-433e-80d8-a0d971d6fbd7', '4000', '11000'), ('a8070677-f804-4760-9bb3-6a132360bc28', 'ba643e33-6ec9-4de7-b9d2-e266102cbb40', 'Female', null, null, null, '2025-10-12 16:11:53.84501+00', '6ea13c79-c164-4106-9fcc-1c31d5700e1e', null, '< 35'), ('a824ec90-43be-4a15-a5f4-6a61266bd8fe', '6599375a-b74d-468c-8256-1fa0cc9b7f6f', 'Female', null, null, null, '2025-10-23 12:50:58.225002+00', 'd5e9c9b9-e220-4640-85ec-ee10e23a8359', '0.3', '1.2'), ('ac975fbd-5ed5-4e0f-a24f-58ac671c6983', '6eccf0e5-4a62-4504-8639-f8ab7d0723f6', 'Male', null, null, null, '2025-10-05 11:42:29.784329+00', '62cd0beb-57ba-4ac9-a678-db8abd9db76e', '31.5', '34.5'), ('acfdb16d-6030-4234-b873-9893d111f1cb', '456fc82b-5031-46b4-9143-ad38ee788100', 'Female', null, null, null, '2026-05-05 08:07:02.551345+00', '004bd4bd-f380-4897-96f3-4ef027df5e98', '2.11', '2.68'), ('ad26a2a0-d778-4a18-a277-9bce0ce07bd1', '2a695102-1661-43b0-a28a-d62172b6de0d', 'Female', null, null, null, '2025-10-12 16:24:02.565928+00', '74b92f5d-d465-4f89-a45c-5cd30276c388', '70', '110'), ('aea44f48-4a55-40ab-ada8-312783f2e866', '3a48824f-c567-432c-925f-c10d1520f711', 'Male', null, null, null, '2025-10-13 08:13:40.00139+00', 'a7f614c0-93ae-4e28-9407-6be1401b2c5c', '150000', '400000'), ('af5585f3-c07a-40f4-90f5-a7b8f215a05f', '456fc82b-5031-46b4-9143-ad38ee788100', 'Female', null, null, null, '2026-05-05 08:07:49.686439+00', 'e5dc9106-4120-4481-a626-2210368db9ef', '2.4', '5.4'), ('b2418fb9-958a-4612-82dd-b22f0a4254eb', 'a8ca44f6-64c9-4b15-9e97-fbbb80f2caac', 'Female', null, null, null, '2025-10-12 16:21:47.215277+00', '1b452a27-3bee-4994-a4c4-6488df1030ca', null, '<140'), ('b26e898d-9ab8-4804-ac39-f1599ec6f97f', 'ba643e33-6ec9-4de7-b9d2-e266102cbb40', 'Male', null, null, null, '2025-10-12 16:11:53.851205+00', '6ea13c79-c164-4106-9fcc-1c31d5700e1e', null, '< 35'), ('b3cba6c6-0179-4634-bd53-5a26768e8d17', 'c0934760-7bbc-4eda-9284-f069e0c28402', 'Male', null, null, null, '2026-01-20 17:12:57.828973+00', 'c63205ba-0b7d-4ece-9101-c67c67d50806', '75', '110'), ('b473d4ae-1ef3-4561-a131-1dedcac1f595', '372ff9a8-33b8-4dee-b48c-55387de03a7e', 'Male', null, null, null, '2025-10-12 13:45:55.479598+00', 'bde00e9f-c62e-4c06-85d8-90e837280538', '03', '11'), ('b485178a-7de9-47c9-80ac-4ce3c97f534b', '91b764ca-fc8a-4114-897f-e325686a3b0d', 'Female', null, null, null, '2025-10-12 16:18:18.415539+00', 'cde0828d-96f1-44f4-8dc6-df03de52008d', null, '<180'), ('b4c7996b-7abb-4f0e-9481-aee4b22f9327', '6eccf0e5-4a62-4504-8639-f8ab7d0723f6', 'Female', null, null, null, '2025-10-05 10:46:01.636708+00', '682f5128-962d-4060-9661-361d86cc807d', '27.0', '32.0'), ('b73ec2c8-0211-4196-9a4f-9c7f09392063', '6eccf0e5-4a62-4504-8639-f8ab7d0723f6', 'Baby', null, null, null, '2026-04-11 05:30:10.465529+00', '652c0ab1-4802-49b6-8d1f-028e1939bf18', '36.0', '50.0'), ('b7552bbc-3cec-4695-ab00-d7c30cfabd14', '6eccf0e5-4a62-4504-8639-f8ab7d0723f6', 'Male', null, null, null, '2025-10-05 10:46:01.123421+00', '682f5128-962d-4060-9661-361d86cc807d', '27.0', '32.0'), ('b7a8e334-b40a-4e3f-ba53-f3764577fa3b', 'a08cec7c-4c76-48d7-b2c1-9bb60ffd4eb5', 'Female', null, null, null, '2025-10-12 15:56:22.047377+00', '7f7bd038-157f-4947-a081-b5967c0e9e65', '9.30', '159'), ('b7e366a4-4a34-4b31-a0d0-e335258362dc', '6eccf0e5-4a62-4504-8639-f8ab7d0723f6', 'Female', null, null, null, '2025-10-05 11:52:51.575777+00', 'f0075091-31e6-4b36-b75d-1f143b14a18f', '150000', '410000'), ('b8347936-ee28-4960-a7e6-dbd10604da05', '2299cfd3-ac2d-4847-af7c-a9365da1ea6f', 'Female', null, null, null, '2026-03-12 07:17:21.305109+00', '79f66e5d-2668-4df2-abd7-4369badc1928', '< 140', null), ('b8f21f0b-99f2-4dc4-a1ef-74aa2d1e1c4f', '9517c4cb-95fa-4aa5-86bd-2babfe6d59ce', 'Baby', null, null, null, '2026-04-11 06:16:01.348242+00', 'ea5a3f89-29ed-4e56-a1f5-beb2b66324c2', '3.2', '4.8'), ('b8fbd2cd-3a7e-48a5-ac74-be1f8fc54d96', 'b3ca9595-a144-4bea-a219-c315b6f95a59', 'Female', null, null, null, '2025-10-23 12:52:20.508166+00', '4dddba8d-96d6-41cc-94fe-b6c77d27eaa0', '0.1', '1.2'), ('b9b31afd-749e-4cd1-ba4d-85887feb49ff', 'c0934760-7bbc-4eda-9284-f069e0c28402', 'Baby', null, null, null, '2026-01-20 17:12:58.348559+00', 'c63205ba-0b7d-4ece-9101-c67c67d50806', '10', '20'), ('ba494c4a-e7b7-465f-8e38-b190f063a3d8', 'd7a1c6ad-3a58-4796-9256-46b22ed0b70d', 'Male', null, null, null, '2025-10-14 06:26:08.983987+00', 'bab72924-05fc-416d-b2b8-e4692b063cd1', '3.40', '7.00'), ('bb090c73-79a2-4418-ab86-1746c6e68913', 'a28e728e-2654-4bd6-a78f-84c18638d2f8', 'Female', null, null, null, '2026-05-28 02:08:51.120689+00', 'ab445101-3b3e-466d-92b1-34936f1df20f', null, '< 37'), ('bb7e49fa-4758-4743-afde-0b4d4601a5e7', 'b3ca9595-a144-4bea-a219-c315b6f95a59', 'Female', null, null, null, '2025-10-23 12:53:52.24503+00', '9f92f5d1-2e60-4ba4-a564-91aecff50ac1', null, '<0.6'), ('bc697aaa-bd3d-4954-bcc1-a8ee750816d8', '6eccf0e5-4a62-4504-8639-f8ab7d0723f6', 'Female', null, null, null, '2025-10-04 14:23:15.76713+00', 'a72c5cfb-2e9b-4899-8883-bfc1221e27bf', '1', '6'), ('be583cd2-bdb0-4e9f-b555-c8ed9f301f07', '2299cfd3-ac2d-4847-af7c-a9365da1ea6f', 'Male', null, null, null, '2026-03-12 07:17:21.332206+00', '79f66e5d-2668-4df2-abd7-4369badc1928', '< 140', null), ('c08954d2-7f8d-474d-9cf5-72ac488147aa', '582d5736-fd3f-4698-9e46-10686e734567', 'Male', null, null, null, '2025-10-26 12:45:44.393362+00', 'a7a3286c-32d2-40c0-8142-ce40c13332e0', '11', '42'), ('c1c97c8b-58ac-43c9-b42a-5a3707426fd7', 'a2d0b54d-d5a9-446d-b62d-64ee789c04ae', 'Male', null, null, null, '2026-05-03 06:43:40.203405+00', 'c1d9b663-6fa9-4964-93a9-21e7a8b46867', '21', '43'), ('c21f62e7-deb2-4788-bd81-7ab29e78bd89', '582d5736-fd3f-4698-9e46-10686e734567', 'Male', null, null, null, '2025-10-26 12:45:05.776804+00', '2a0733d5-167f-4f4f-93d1-f95a57003c71', '98', '107'), ('c605fc15-6956-4d7e-ac2a-f4cd6bbf2509', 'b00aba6b-a861-4dff-b5f4-d0af5d2ed28a', 'Female', null, null, null, '2026-03-12 07:50:42.984182+00', '218d54bc-7fb8-4202-8399-22c1dbfc893f', '<140', null), ('c6494f0e-fc98-4be2-b518-135cf1345f62', 'ba643e33-6ec9-4de7-b9d2-e266102cbb40', 'Male', null, null, null, '2025-10-12 16:09:20.659088+00', 'a6183710-e582-488f-bc12-f763b27fbbdc', '0.2', '1.2'), ('c74ce91f-7811-43e7-9fc6-dd32fb9736f1', 'b3ca9595-a144-4bea-a219-c315b6f95a59', 'Male', null, null, null, '2025-10-23 12:53:51.716304+00', '9f92f5d1-2e60-4ba4-a564-91aecff50ac1', null, '<0.6'), ('c86dea86-a573-4ee5-a02c-dc73259cf08f', '6eccf0e5-4a62-4504-8639-f8ab7d0723f6', 'Female', null, null, null, '2025-10-05 10:45:08.815492+00', '5298291c-7421-467a-a7e0-84f6ee172c9c', '80.0', '101.0'), ('c9a119e8-95d8-47f0-8f0b-3c6633c2b9e4', 'a0f4f5bf-7124-47e2-a3f2-497b50fcd38d', 'Female', null, null, null, '2025-10-12 13:59:11.954315+00', '3f2e5f63-0a26-4203-b7b4-df47a7596d79', '0.6', '1.2'), ('cb162c4d-53aa-4d45-aa2e-d1341b7e33e2', 'b3ca9595-a144-4bea-a219-c315b6f95a59', 'Male', null, null, null, '2025-10-23 12:53:06.121529+00', 'bae33ebe-9b49-474c-b2f5-a5bff123250f', '0.2', '1.7'), ('cf6bec69-26b4-4705-8a47-34d1229bc6bf', '3505aa18-ea62-4e2a-aff5-b138482a854f', 'Female', null, null, null, '2025-10-12 08:11:38.82482+00', 'fc8fb9fa-e8d1-4f3e-a62a-2f0bb0341127', '13', '31'), ('d3744bea-2d2c-4aef-84b6-4a62f47e79a4', '1bd22e4a-fc6d-4052-a0e7-c9989082a9c6', 'Female', null, null, null, '2026-05-05 03:26:25.384101+00', '17e0396e-a513-47db-b929-70d958673b98', '75', '110'), ('d395c84c-2e2b-45a2-b8a2-00f35627cec3', '582d5736-fd3f-4698-9e46-10686e734567', 'Male', null, null, null, '2025-10-26 12:43:19.094216+00', '5ba10f05-db4a-4009-8a96-ee2d258741df', '136', '145'), ('d736ab81-2750-4dbd-9cff-072c4c52e016', 'b3ca9595-a144-4bea-a219-c315b6f95a59', 'Male', null, null, null, '2025-10-23 12:52:20.544216+00', '4dddba8d-96d6-41cc-94fe-b6c77d27eaa0', '0.1', '1.2'), ('d77f01ad-ce0a-4cab-bb49-0e8117c007be', '6eccf0e5-4a62-4504-8639-f8ab7d0723f6', 'Female', null, null, null, '2025-10-04 14:20:29.035787+00', '2ac982af-4ae6-4b1e-b6d0-3789a64b08ef', '40', '80'), ('d9bfec09-7b59-4f77-8ccc-5e707a1e3c3b', 'd972c88a-136c-455e-b5c5-2c56809ba63b', 'Female', null, null, null, '2025-10-25 14:48:10.074365+00', '6f873da9-193d-4dfb-af5a-7ec8504cd3e0', null, '<140'), ('da263209-d1e0-47be-b0ee-28028ec37551', '6eccf0e5-4a62-4504-8639-f8ab7d0723f6', 'Baby', null, null, null, '2026-04-11 05:29:22.189123+00', '75dac18e-db6d-4781-8e24-8e77dbc6ab1a', '11.5', '17.0'), ('da863095-ab8c-47dc-b680-4854e2b311da', '1bd22e4a-fc6d-4052-a0e7-c9989082a9c6', 'Male', null, null, null, '2026-05-05 03:26:25.376757+00', '17e0396e-a513-47db-b929-70d958673b98', '75', '110'), ('e21afb74-ea52-4457-918f-91e82aa404a6', '6eccf0e5-4a62-4504-8639-f8ab7d0723f6', 'Baby', null, null, null, '2026-04-11 05:22:32.125244+00', 'b51491fc-2ed8-4542-9d28-678e4aef3f47', '2', '10'), ('e3eda862-242d-4818-86b3-9320a4063aaf', 'd8ce200d-7a01-4f04-8fcc-6fa82ab7797c', 'Female', null, null, null, '2025-10-13 08:16:53.458037+00', 'fe2f8caf-a50f-42e0-9604-63fc637ca1b8', null, '<140'), ('e489325f-4739-4034-b833-651a8762cda1', '8f3f216f-b285-4e1a-9dcd-9fd1e5e17642', 'Male', null, null, null, '2025-10-12 13:34:08.043143+00', 'be162fcb-4bc3-44ce-8df7-b2da4716c39e', '03', '08'), ('e84999af-6ea2-420b-8e65-ed3761c5760b', 'a08cec7c-4c76-48d7-b2c1-9bb60ffd4eb5', 'Male', null, null, null, '2025-10-12 15:56:21.540291+00', '7f7bd038-157f-4947-a081-b5967c0e9e65', '68', '434'), ('e8baf94a-fbb5-4ff0-a02a-cb5264afe655', 'ba643e33-6ec9-4de7-b9d2-e266102cbb40', 'Female', null, null, null, '2025-10-12 16:08:32.940877+00', '8aaed699-a4bb-40ca-8208-a453d41b6f00', '1.0', '2.1'), ('e9d0ed48-69bf-4a98-89c5-92c2716db933', '7312fab3-c2bc-47da-b08c-fa6cfb8d3101', 'Male', null, null, null, '2025-10-04 12:23:23.412725+00', '687741b7-cb5a-4b62-be17-cbb6d06cd768', '3.6', '5.0'), ('e9eccc2d-5dce-48ba-b8df-a52f11f48959', '97a7d1b0-9a12-4373-b8bc-a81549cc6aa2', 'Female', null, null, null, '2026-03-12 07:24:59.919772+00', '35a14d0c-233a-4d14-87a0-dbf1d0ce2590', '75', '110'), ('ed7ced5f-cbed-4a3d-8a24-ddd9e343466a', '9517c4cb-95fa-4aa5-86bd-2babfe6d59ce', 'Female', null, null, null, '2026-04-11 06:15:17.846346+00', 'e1f96a8e-990a-4054-ae5e-3f0ce494f2d2', '6.0', '8.0'), ('edd4ee7e-3ad3-4b6d-9e0e-52a00c93aafa', 'bd27557f-7a94-46ea-a570-7030a7d282f2', 'Male', null, null, null, '2025-10-25 14:44:03.289302+00', '79551362-ae19-403f-8faa-8900e9bd2ffa', null, '<140'), ('ee4fb0f5-321d-478b-92b7-4a9d93758fc2', '6599375a-b74d-468c-8256-1fa0cc9b7f6f', 'Baby', null, null, null, '2026-04-11 06:33:01.036747+00', 'd5e9c9b9-e220-4640-85ec-ee10e23a8359', '0.3', '1.2'), ('f0846bad-4cb7-4a4c-85c1-a19172103a45', 'd7a1c6ad-3a58-4796-9256-46b22ed0b70d', 'Female', null, null, null, '2025-10-14 06:26:09.509704+00', 'bab72924-05fc-416d-b2b8-e4692b063cd1', '3.40', '7.00'), ('f0cb15d5-61a5-4537-85a6-071905db3445', 'c0934760-7bbc-4eda-9284-f069e0c28402', 'Male', null, null, null, '2026-02-23 05:44:13.079714+00', '89f4dfb4-9534-4616-8177-c1e8fa4dd2e1', null, '<140'), ('f18b5ff1-00e6-4030-92cb-f1e27a15d6b3', '6eccf0e5-4a62-4504-8639-f8ab7d0723f6', 'Male', null, null, null, '2025-10-05 10:45:09.335819+00', '5298291c-7421-467a-a7e0-84f6ee172c9c', '80.0', '101.0'), ('f33153d4-216b-4463-9047-7a2f27552a13', 'ba643e33-6ec9-4de7-b9d2-e266102cbb40', 'Male', null, null, null, '2025-10-12 16:07:55.508729+00', '6a25b0fb-1c8e-4fa5-9514-a20571b32a49', '2.0', '3.5'), ('f38ca7d7-3b3e-4b98-b414-67a78f370d92', 'b00aba6b-a861-4dff-b5f4-d0af5d2ed28a', 'Female', null, null, null, '2026-03-12 07:48:00.396718+00', '16b7d32f-03bf-4d8b-9a44-7441cfefa4d3', '<140', null), ('f5cfd12f-796d-4abc-aeb2-28247747265b', '2a695102-1661-43b0-a28a-d62172b6de0d', 'Male', null, null, null, '2025-10-12 16:24:02.566133+00', '74b92f5d-d465-4f89-a45c-5cd30276c388', '70', '110'), ('f6e11eac-5393-40d5-a03c-a3f52814ff26', 'a0f4f5bf-7124-47e2-a3f2-497b50fcd38d', 'Male', null, null, null, '2025-10-12 13:59:11.454408+00', '3f2e5f63-0a26-4203-b7b4-df47a7596d79', '0.8', '1.3'), ('f7a29808-933f-4f2f-935c-e11a3933841e', '6eccf0e5-4a62-4504-8639-f8ab7d0723f6', 'Male', null, null, null, '2025-10-04 14:20:28.617373+00', '2ac982af-4ae6-4b1e-b6d0-3789a64b08ef', '40', '80'), ('f821d004-7ff3-40ae-a714-caea089ccfd5', '3c971ba6-3c2e-4478-940a-94a5582b60da', 'Male', null, null, null, '2025-12-30 06:38:45.091537+00', 'cb1a9b79-e17e-4654-9506-7c06f7ac15c5', '13', '31'), ('f9298dd8-942b-4a84-aadc-e35b3fb0c80b', '6eccf0e5-4a62-4504-8639-f8ab7d0723f6', 'Female', null, null, null, '2025-10-05 10:40:35.282965+00', '652c0ab1-4802-49b6-8d1f-028e1939bf18', '36.00', '46.0'), ('faeb0cf1-37e2-42cc-b618-ae2e3f535f63', '582d5736-fd3f-4698-9e46-10686e734567', 'Female', null, null, null, '2025-10-26 12:43:19.586195+00', '5ba10f05-db4a-4009-8a96-ee2d258741df', '136', '145'), ('faf1b167-01a8-4bb4-8f53-0a7d355eae23', '97a7d1b0-9a12-4373-b8bc-a81549cc6aa2', 'Female', null, null, null, '2026-03-12 07:29:55.169618+00', '91392bff-9f61-48ce-8ed1-001fc4e3b377', '<140', null), ('fb92b46b-b58d-4a7e-b768-a206eec26a55', '582d5736-fd3f-4698-9e46-10686e734567', 'Male', null, null, null, '2025-10-26 12:46:28.453929+00', '62d0ddf2-8194-4cd5-b3cf-cb5e85a4d03e', '0.7', '1.3'), ('fbc882e3-f013-4d2f-a50e-663f16862e84', 'b2f64dd4-aa22-4f62-9a82-7fe64257e452', 'Female', null, null, null, '2025-10-14 06:37:33.372803+00', '2957ba7e-a23e-433e-80d8-a0d971d6fbd7', '4000', '11000'), ('fcbf0cb7-d092-47ad-ab6d-7cf8d6743b1c', '7312fab3-c2bc-47da-b08c-fa6cfb8d3101', 'Female', null, null, null, '2025-10-04 12:23:23.850281+00', '687741b7-cb5a-4b62-be17-cbb6d06cd768', '3.6', '5.0'), ('fd84926c-40e4-4163-bb29-f7ab0ea03bf2', '7cb24395-b5ae-4ed5-8d7c-8b483b28d349', 'Baby', null, null, null, '2026-04-21 06:38:11.322815+00', '0f9b4bc8-6e9e-456b-90d9-09b0f43ee772', '11.5', '17.0'), ('fd8c935f-af10-4ea8-8bab-b3d13a9d0981', '9517c4cb-95fa-4aa5-86bd-2babfe6d59ce', 'Baby', null, null, null, '2026-04-11 06:15:17.826189+00', 'e1f96a8e-990a-4054-ae5e-3f0ce494f2d2', '6.0', '8.0'), ('fe25adc3-5b47-42d7-a64d-68755a74ff27', 'b2f64dd4-aa22-4f62-9a82-7fe64257e452', 'Male', null, null, null, '2025-10-14 06:46:56.009016+00', 'fe434a75-c4e8-424d-9538-c5834ae0836f', '02', '10'), ('feca5f9f-f6a9-4df1-8a0f-16c0f1e3311b', '7312fab3-c2bc-47da-b08c-fa6cfb8d3101', 'Female', null, null, null, '2025-10-04 12:22:28.191894+00', '716febb3-5803-47c9-a56f-88a77c61e523', '135', '148'), ('ff69d821-9b12-4d22-be02-dabd76595456', '36aaf12e-17c5-4489-a332-ef821f6c9354', 'Male', null, null, null, '2025-10-12 08:13:19.038072+00', '4dcf6060-b61e-4587-812c-627ec10766c5', null, '< 100'), ('ffa83877-a25d-40ea-a6ab-36578c17c359', 'c0934760-7bbc-4eda-9284-f069e0c28402', 'Male', null, null, null, '2026-02-23 05:46:34.496907+00', '67f62dd8-48de-4911-b297-b49a4764123f', null, '< 140') ON CONFLICT (id) DO NOTHING;

-- ========== subcategory_suggestions ==========
INSERT INTO "public"."subcategory_suggestions" ("id", "subcategory_id", "suggestion_text", "suggestion_type", "created_at") VALUES ('02ccaf9b-1228-4c0a-90d1-0d1df5776a9d', 'c056550e-60fd-43b3-aa9c-3ade1deb0e34', 'Not Seen', 'tag', '2026-05-05 04:15:31.592944+00'), ('03a1114f-7fe4-4634-9b7b-a6775ac1595e', '823465bb-0d36-4a52-89bd-087b88de80d1', 'POSITIVE', 'tag', '2026-04-11 06:27:50.518942+00'), ('089ce170-f981-4a41-9b3e-dc4a720e17c9', '7be9b21b-9572-4817-a728-a31ce31f30fd', 'NEGATIVE', 'tag', '2025-10-10 16:22:13.553591+00'), ('10f9d3a0-db98-4c93-88a6-1effa6e90c84', 'b9233a44-eaa2-4834-a20b-cdce46fc96af', 'Moderately Field Full', 'tag', '2026-03-17 07:36:18.36639+00'), ('1352f4c5-5082-49c8-8691-1fe49263a215', '18f098ca-dfc7-4e25-a9c6-18f168b55d52', 'Nil', 'tag', '2026-03-17 07:38:29.929337+00'), ('16f0a569-bc24-454a-805b-f68665809c94', '79899071-33c9-4421-b5be-79c9664d5626', '++', 'tag', '2026-05-14 08:25:46.394507+00'), ('17dd5386-7fe9-4362-a771-b9dd9f642c38', 'c0c660b4-75b5-41d0-9ff5-74fd19832746', 'Nil', 'tag', '2026-05-05 04:14:50.332786+00'), ('1c161f1f-70d7-465d-b407-26eb305ff6eb', 'c056550e-60fd-43b3-aa9c-3ade1deb0e34', 'Few', 'tag', '2026-05-05 04:15:19.879323+00'), ('1c2e85c2-c92b-4ecc-9472-6217f4319a64', '93afea7a-c475-4be9-8748-d65a17224fad', '3+', 'tag', '2026-03-17 07:25:26.886183+00'), ('1ddc4568-28d8-4010-84ff-b3af2b3df40b', 'e1505024-0358-431c-9de6-ee844c212dd8', 'Blood Stained', 'tag', '2026-03-17 07:01:52.721278+00'), ('1ea8b509-703f-4f40-ae31-c132554378a3', '4e456adb-6d69-48ff-acdf-586d5b9e3a2b', '" AB " NEGATIVE', 'tag', '2026-01-08 07:28:23.69619+00'), ('1ee21267-6ce3-4740-9d45-7ec3d6d98d86', '85728e76-20a9-4872-9319-4475bd5a9c87', 'NEGATIVE', 'tag', '2025-10-10 16:01:21.721903+00'), ('2043147e-4f37-4fed-b951-54a92106f347', 'c72b76f4-c35e-4afe-846a-6024d418ced4', 'NEGATIVE', 'tag', '2026-04-11 06:27:24.003609+00'), ('21809429-3296-46bd-8e6e-eaddffbf4b60', 'd657073c-e357-44eb-a00e-98f5cab2c8b2', 'Filled Full', 'tag', '2026-05-14 08:24:29.330557+00'), ('23124d27-7822-4386-9e2f-e7c508005846', 'f8c4110d-a761-4a97-95b3-d2efd4b67a11', 'Brownish Yellow', 'tag', '2026-05-05 03:46:17.966238+00'), ('23a2f2c5-094b-45ac-b327-d55b6ad2b56a', 'cbdecf2b-9da3-4fcf-b767-07b8f1262866', 'NEGATIVE', 'tag', '2026-05-05 08:15:27.439316+00'), ('24a98f80-8004-4dd4-a004-5f4ce7da5a28', '8de598ff-dca1-40c1-89b1-f0da7d51c3b4', 'Nil', 'tag', '2026-03-17 07:30:20.012736+00'), ('272a015b-9ae6-4d19-a62a-3fe8afafa48a', '16e06883-c769-4216-b334-7fd5bc5c4fd3', 'Moderately Field Full', 'tag', '2026-03-17 07:34:33.05374+00'), ('2af9e709-04a3-4642-acc7-a2a6032a3305', '16e06883-c769-4216-b334-7fd5bc5c4fd3', 'Occasional', 'tag', '2026-03-17 07:34:15.644105+00'), ('2b8ad01b-cad9-417e-b47b-292df5e577de', '6c68c973-c5a2-4b42-9851-6506ed4e5609', 'Nil', 'tag', '2026-03-17 07:39:24.876155+00'), ('2bf7f170-3d48-4022-a235-6222f211a9cf', 'f8c4110d-a761-4a97-95b3-d2efd4b67a11', 'Geenish Yellow', 'tag', '2026-05-14 08:21:36.604433+00'), ('2fe14d88-fdd6-485e-bcb5-a11a30d4b16d', 'b9233a44-eaa2-4834-a20b-cdce46fc96af', 'Occasional', 'tag', '2026-03-17 07:36:01.861656+00'), ('30376a5e-40d6-44a8-8b5f-259e905a82a7', '048a7636-0466-4d0e-9e1b-f12105f05d9d', '++', 'tag', '2026-05-14 08:22:51.926465+00'), ('33e96e0c-4c5f-4c55-8f2d-aecf6699c964', '79899071-33c9-4421-b5be-79c9664d5626', '+', 'tag', '2026-05-14 08:25:43.503939+00'), ('37c5db84-c231-4f56-8327-7d89faed74f1', '08bf9bc1-a347-40c7-acbb-3f39cefc8940', 'Opalescent', 'general', '2026-02-23 05:59:33.11309+00'), ('383a5fb8-6cbb-4783-afe6-ca733fe062e9', '56be3c2a-7271-418b-80a9-1e53d3a4e190', 'Low', 'tag', '2026-02-23 06:14:32.34017+00'), ('3b169620-3743-432d-8888-2f6cad8c3051', '713042ef-7919-46d7-bce7-72b068385aac', 'NEGATIVE', 'tag', '2026-05-05 08:01:01.173938+00'), ('3fceabb3-dcc8-4114-9743-a155f3b49a4c', '283d7f0b-7ffe-4999-a8eb-d896de371f17', 'POSITIVE', 'tag', '2026-06-08 06:49:36.883147+00'), ('40bc5ffc-72d2-4fc9-90a4-cfbb4361a2a9', 'bfc80def-487f-4d14-83c4-ccd8a23cc9ac', 'POSITIVE', 'tag', '2025-10-10 16:44:45.295866+00'), ('4320916e-a340-4a0a-8fd0-8a383f2d2511', '994a486c-6a6f-4870-ac48-ffdc1eb49afd', 'NEGATIVE', 'tag', '2025-10-10 16:21:48.534502+00'), ('4348235f-ebc5-4bb7-99ee-cb215bc14560', 'c7a048cb-ec5a-4945-8a05-1f62acf7ab2c', 'Nil', 'tag', '2026-03-17 07:32:13.732354+00'), ('43bf092e-d311-4be5-b337-8f37868b8cb8', 'd657073c-e357-44eb-a00e-98f5cab2c8b2', 'Occasional', 'tag', '2026-05-14 08:23:34.311235+00'), ('473a8fa7-ae65-4727-8826-56cf717b9460', 'c056550e-60fd-43b3-aa9c-3ade1deb0e34', '+', 'tag', '2026-05-05 04:15:23.450831+00'), ('48d214ef-3d30-4687-985f-ce8fb66d4d7e', '3b8a5bb0-0996-44b1-8b4c-290be02d4c60', 'Few', 'tag', '2026-03-17 07:37:25.608191+00'), ('49dbc837-2957-42e3-8804-d8ff7cdf7f0c', 'cbdecf2b-9da3-4fcf-b767-07b8f1262866', 'POSITIVE', 'tag', '2026-05-05 08:15:31.587838+00'), ('4b2b1782-08e5-4943-b007-ac00e4154c0e', '93afea7a-c475-4be9-8748-d65a17224fad', 'Trace', 'tag', '2026-03-17 07:25:08.666909+00'), ('4d85ab33-7e6f-4fa1-91d9-a0db43fb6d4e', '63b09a34-b4de-4c8f-b982-c0279ba3ec1b', 'Staphylococcus aureus ( including MRSA ) not isolated', 'tag', '2026-05-05 04:05:30.191837+00'), ('4ef472d4-3465-413f-9a5a-4d8dddf3da8d', 'b1d8fb33-4bbe-464e-a26d-79bf8a23e50d', 'NEGATIVE', 'tag', '2025-10-10 16:44:32.029156+00'), ('4faff55f-070f-4f3d-a0d5-19a96d803f64', '7be9b21b-9572-4817-a728-a31ce31f30fd', 'POSITIVE', 'tag', '2025-10-10 16:22:19.230305+00'), ('5054fb00-c866-42e1-8b53-57a318ccc464', '4e456adb-6d69-48ff-acdf-586d5b9e3a2b', '" A " POSITIVE', 'tag', '2026-01-08 07:27:13.512335+00'), ('50f2316d-4b26-45ee-97f0-ac705334cd95', '3b8a5bb0-0996-44b1-8b4c-290be02d4c60', '2+', 'tag', '2026-03-17 07:37:38.466229+00'), ('52efd7b5-d6bd-43da-92ea-5708c871b515', '4e456adb-6d69-48ff-acdf-586d5b9e3a2b', '" AB " POSITIVE', 'tag', '2026-01-08 07:28:13.584713+00'), ('5640aa41-8a18-4c01-911b-7b06803977c9', 'e1505024-0358-431c-9de6-ee844c212dd8', 'Dark Yellow', 'tag', '2026-03-17 07:01:40.755002+00'), ('5d1bd7db-6e5a-45bf-9b4d-12e11dd46490', 'cdcb803d-ddad-43af-9ce0-e3d4976eabbd', 'Clear', 'tag', '2026-03-17 07:18:12.348675+00'), ('5d6f2a5f-836a-4680-b021-4cc3b457e602', 'b3c3f181-ded9-4da8-8189-f3dce1fccbda', 'Gray Opalescent', 'general', '2026-02-23 05:58:45.523628+00'), ('5e5c6d5f-b6a5-4341-82d6-9ad95fb7cebd', 'b1d8fb33-4bbe-464e-a26d-79bf8a23e50d', 'POSITIVE', 'tag', '2025-10-10 16:44:48.747634+00'), ('5ef3d89a-b283-481f-8d8f-17593638a1a3', '823465bb-0d36-4a52-89bd-087b88de80d1', 'NEGATIVE', 'tag', '2026-04-11 06:27:46.110679+00'), ('612212d2-1280-436c-8ade-1f7a9841278f', '08f8da42-912f-4b4f-8f84-031399ab337a', 'NEGATIVE', 'tag', '2025-10-23 20:10:24.994364+00'), ('620b7d02-cee1-43fc-8616-405a488c469f', '2ff68cb2-d04d-4062-8dc3-1eda21d9ca66', 'NON-REACTIVE', 'tag', '2025-10-23 12:37:40.490245+00'), ('62225d0f-4353-48a7-aba2-28096ade0b6b', '85728e76-20a9-4872-9319-4475bd5a9c87', 'POSITIVE', 'tag', '2025-10-10 16:01:28.13028+00'), ('67642b37-8884-4622-8d33-8511be257d69', 'e7c90726-bc25-4138-a55f-2aad3a9afae2', 'POSITIVE', 'tag', '2025-10-10 16:05:15.711526+00'), ('67ba7a1e-f373-4837-ac4f-c325b3990b64', 'f8c4110d-a761-4a97-95b3-d2efd4b67a11', 'Brown', 'tag', '2026-05-05 03:45:57.829905+00'), ('6a42ec16-0bfc-4b51-97f0-8abf2735d32f', 'e1505024-0358-431c-9de6-ee844c212dd8', 'Yellow', 'tag', '2026-03-17 07:01:33.834953+00'), ('6ac17933-ffe1-4f00-9072-6bd1f6141c9d', '93afea7a-c475-4be9-8748-d65a17224fad', 'Nil', 'tag', '2026-03-17 07:25:04.74951+00'), ('6ea85596-e61b-4ae8-8707-4f5f4aa6740f', '4e456adb-6d69-48ff-acdf-586d5b9e3a2b', '" O " POSITIVE', 'tag', '2026-01-08 07:28:36.509614+00'), ('71992d0e-45e6-4858-b50e-6b61b489d3d1', '048a7636-0466-4d0e-9e1b-f12105f05d9d', '+', 'tag', '2026-05-14 08:22:47.036051+00'), ('729087c6-0cae-4cb5-867a-a8c7bf4467ab', '49a9c760-2b6c-4498-a3a7-832c96a45dc1', 'Alkaline', 'general', '2026-02-23 06:04:56.554231+00'), ('72f71dec-0b1c-412b-ac77-7001547b352e', 'bca4a7c3-719c-4e03-9b69-3e0f509dd05e', 'Not Seen', 'tag', '2026-05-14 08:29:44.092289+00'), ('74f121d0-f096-4bff-856b-bcecfd57b4b3', 'e7c90726-bc25-4138-a55f-2aad3a9afae2', 'NEGATIVE', 'tag', '2025-10-10 16:05:10.024361+00'), ('75c81da8-f47b-4782-9b2e-506d03a4196d', '9c9c82ab-9d67-437a-b398-4a032bbcc5a6', 'Trace', 'tag', '2026-03-17 07:23:33.040191+00'), ('78745b3b-75d3-4a92-b02a-2040b12656fb', '93afea7a-c475-4be9-8748-d65a17224fad', '2+', 'tag', '2026-03-17 07:25:21.337834+00'), ('7a344f52-90f1-489e-b3d0-a40cdac7cf6e', 'e1505024-0358-431c-9de6-ee844c212dd8', 'Pale Yellow', 'tag', '2026-03-17 07:01:27.534903+00'), ('7ccdd657-4332-4105-b9e4-924ff5ce4dae', 'd657073c-e357-44eb-a00e-98f5cab2c8b2', '2 - 4', 'tag', '2026-05-14 08:24:13.892694+00'), ('7d3ac6e1-88ff-4262-956a-052ad5ef4d40', '80832602-874e-4ce9-92be-651a58abe1b7', 'Nil', 'tag', '2026-04-19 06:31:23.03786+00'), ('7d9700b1-1d08-4f3d-aaee-99e28142ca19', '88770a3a-f4a0-48d6-bb43-06fc12a25751', 'Nil', 'tag', '2026-05-14 08:26:15.191118+00'), ('7da2d382-419f-4696-8079-0df622387d25', '4e456adb-6d69-48ff-acdf-586d5b9e3a2b', '" B " NEGATIVE', 'tag', '2026-01-08 07:27:55.912044+00'), ('7f18eb5a-13f4-4466-adb9-fbd50c60248d', 'f8c4110d-a761-4a97-95b3-d2efd4b67a11', 'Creamy', 'tag', '2026-05-14 08:21:40.618813+00'), ('81dddf2c-cdff-40fe-835b-8342010057f1', 'd1ecbf43-1c90-4da0-9d3b-36acc58201d0', 'Not Seen', 'tag', '2026-05-14 08:26:35.943971+00'), ('82b6c449-3e0b-4c8b-95c7-ad289b306500', '4e456adb-6d69-48ff-acdf-586d5b9e3a2b', '" B " POSITIVE', 'tag', '2026-01-08 07:27:40.758712+00'), ('847fc64e-785a-4852-9b74-63c478827e58', '6c80553e-1e83-4249-b3fd-dc8d1d4cc92a', '6.0', 'tag', '2026-03-17 07:20:53.155212+00'), ('89526009-378f-4fa5-acf9-7f6d05090bc4', 'a5c6dd0c-2f5c-4b97-8e0a-8a892b4ff74d', 'POSITIVE', 'tag', '2026-05-28 02:32:18.439841+00'), ('8d74e154-ec02-4bde-9da1-1e7acc547e87', '16e06883-c769-4216-b334-7fd5bc5c4fd3', 'Field Full', 'tag', '2026-03-17 07:34:40.170287+00'), ('8e54e7e2-82cb-4ca3-a326-50d0dcea1d51', '6c80553e-1e83-4249-b3fd-dc8d1d4cc92a', '6.5', 'tag', '2026-03-17 07:20:57.404744+00'), ('8e88b200-3bc3-4a36-90d6-66e7a5c33e00', '713042ef-7919-46d7-bce7-72b068385aac', 'POSITIVE', 'tag', '2026-05-05 08:01:08.268045+00'), ('91fc0745-e19e-4d38-a6d8-870dd0eaa23b', '8de61dee-53b3-43e8-a990-f638325993b3', '1.015', 'tag', '2026-03-17 07:19:43.083035+00'), ('92a22110-1033-486a-ab2a-aa85b33cefb2', '9c9c82ab-9d67-437a-b398-4a032bbcc5a6', 'Nil', 'tag', '2026-05-14 08:33:56.862688+00'), ('94686c10-4297-425d-ab9c-8e3e944742eb', 'aff43c43-e48f-4c28-9fab-967ceece4078', 'Not Seen', 'tag', '2026-05-14 08:28:02.864005+00'), ('950a3a48-12da-4253-bdda-5f0609e5dffc', 'f699d800-c516-4f5f-b566-435a48400149', 'Staphylococcus aureus ( including MRSA ) not isolated', 'tag', '2026-05-05 04:09:53.63276+00'), ('9a960442-8f56-4ab9-94bc-acd63be9e239', '1569ddf7-bb18-49f3-b185-d1cdcda2825d', 'Normal', 'tag', '2026-03-17 07:31:23.890052+00'), ('9e40f6ef-aca6-4105-9660-9f2ad5941dce', '93afea7a-c475-4be9-8748-d65a17224fad', '+', 'tag', '2026-03-17 07:25:14.654178+00'), ('9e878ddd-9f81-4fe8-80e5-bd79f25e8973', 'f8c4110d-a761-4a97-95b3-d2efd4b67a11', 'Yellow', 'tag', '2026-05-05 03:46:06.073915+00'), ('a1196fe9-80e2-477f-8c2d-5e0052472827', 'c72b76f4-c35e-4afe-846a-6024d418ced4', 'POSITIVE', 'tag', '2026-04-11 06:27:29.50315+00'), ('a2adffea-ef70-4427-b4c3-a0ca4c9d51ab', 'ef87fef9-7bae-4e89-bbb7-43d590e71b8e', 'Not Seen', 'tag', '2026-05-14 08:28:23.06864+00'), ('a5752dcc-eaa0-4e3c-9394-47844962833c', 'b3b573d0-4ee8-4bf0-a47e-f76779ee02ff', 'NEGATIVE', 'tag', '2025-10-10 16:51:31.858652+00'), ('a5e57d04-ccbd-4641-beb2-93f4e0811684', '79899071-33c9-4421-b5be-79c9664d5626', 'Few', 'tag', '2026-05-14 08:25:49.364713+00'), ('a83f2fca-2d3e-45e9-83b1-228888c2a250', '048a7636-0466-4d0e-9e1b-f12105f05d9d', 'Nil', 'tag', '2026-05-14 08:22:56.520969+00'), ('aa26b322-9bb7-48c3-a1f9-c4bdb1b993b0', 'd9bb4eed-9b09-4fda-83b8-6b4a1e11b019', 'POSITIVE', 'tag', '2025-10-10 16:02:05.785645+00'), ('ae67efc5-8476-4bd9-a6df-7154fcf5591e', 'd9bb4eed-9b09-4fda-83b8-6b4a1e11b019', 'NEGATIVE', 'tag', '2025-10-10 16:02:00.555996+00'), ('b76209df-dfa1-4053-9b66-c09e279fe634', '79899071-33c9-4421-b5be-79c9664d5626', 'Nil', 'tag', '2026-05-14 08:25:53.450859+00'), ('bbe4f4f8-c266-483f-9513-9331ece117a1', '8de61dee-53b3-43e8-a990-f638325993b3', '1.020', 'tag', '2026-03-17 07:19:46.668914+00'), ('bc6f0570-04b7-48d8-953c-0f92d256d614', '298567b1-98e3-469e-a50e-8e350aea5092', 'Negative', 'tag', '2025-10-25 07:42:18.598999+00'), ('bf88c44c-6d5c-4775-82a5-52b67cfdbdc2', '00365ba6-c66a-4b05-8b8c-86379f9570af', 'NEGATIVE', 'tag', '2025-10-06 08:35:55.78799+00'), ('bffa2af4-efa8-4689-ba4a-c06fe6c2b5e8', '35bad7c4-f67e-4287-ba5d-00b5e2d5ef84', 'POSITIVE', 'tag', '2025-10-10 16:44:52.363483+00'), ('c0f9152f-6669-459b-bf3d-b4ac195d6ed7', 'a64560de-d268-443c-916f-6eacf346646d', 'Semi Solid', 'tag', '2026-05-14 08:22:12.117861+00'), ('c267a6a8-a4a1-467d-8ca2-4651717415f1', '47d1c83c-45f6-4e82-8676-6719a8c6f129', 'Few', 'tag', '2026-05-14 08:25:03.385115+00'), ('c747b76e-7622-4b37-8708-23c960cb5456', '8de61dee-53b3-43e8-a990-f638325993b3', '1.025', 'tag', '2026-03-17 07:19:50.634931+00'), ('c7db6d10-b980-4f95-9fd3-a9b8a3ca97ea', 'cdcb803d-ddad-43af-9ce0-e3d4976eabbd', 'Turbid', 'tag', '2026-03-17 07:18:44.81392+00'), ('c86e9d18-fb4c-4ecc-a40d-197877bcff3a', 'a5c6dd0c-2f5c-4b97-8e0a-8a892b4ff74d', 'NEGATIVE', 'tag', '2026-05-28 02:32:13.40638+00'), ('c930a9c7-d307-4340-a28c-f566cf76e040', '3b8a5bb0-0996-44b1-8b4c-290be02d4c60', '+', 'tag', '2026-03-17 07:37:28.872549+00'), ('c9ba4110-657f-4394-b932-6d992d9e4dcb', 'cdcb803d-ddad-43af-9ce0-e3d4976eabbd', 'Slightly Turbid', 'tag', '2026-03-17 07:18:39.330843+00'), ('cdffb7a3-a845-40c8-810e-e3748d3e1200', 'd657073c-e357-44eb-a00e-98f5cab2c8b2', '1 - 2', 'tag', '2026-05-14 08:23:44.522406+00'), ('d2a9f50e-bdf3-46df-9a61-ed39bca89180', '35bad7c4-f67e-4287-ba5d-00b5e2d5ef84', 'NEGATIVE', 'tag', '2025-10-10 16:44:35.786622+00'), ('d408c93f-752d-4427-ad9c-5b777225ee80', '4e456adb-6d69-48ff-acdf-586d5b9e3a2b', '" O " NEGATIVE', 'tag', '2026-01-08 07:28:58.262779+00'), ('d4bdf9c9-ed43-42bd-b4be-5d730d188407', '2ff68cb2-d04d-4062-8dc3-1eda21d9ca66', 'REACTIVE', 'tag', '2025-10-23 12:37:46.341435+00'), ('d5d3cd54-a83a-4b06-8e1f-a637aecc6e30', '481b27cc-82c6-45ba-93b0-85ca3942f696', 'Nil', 'tag', '2026-03-17 07:28:27.716203+00'), ('d862fa24-0caa-4141-a3cf-706575cf3840', '9c9c82ab-9d67-437a-b398-4a032bbcc5a6', '++', 'tag', '2026-03-17 07:23:46.3356+00'), ('d9891b01-b447-4447-ba9a-5145157e7df0', 'b9233a44-eaa2-4834-a20b-cdce46fc96af', 'Field Full', 'tag', '2026-03-17 07:36:24.282529+00'), ('dc8ff793-b44b-4f63-8787-93f773f807e6', '69d6bdaf-922a-40bc-aafb-0ceb505256e9', 'Not Seen', 'tag', '2026-05-14 08:29:58.886445+00'), ('dd495140-cfbf-4a97-8cb5-b83ed05bcf98', '47d1c83c-45f6-4e82-8676-6719a8c6f129', 'Nil', 'tag', '2026-05-14 08:25:00.794586+00'), ('ddc96df7-7734-49b8-8139-ae8c96ea2402', '80832602-874e-4ce9-92be-651a58abe1b7', '+', 'tag', '2026-04-19 06:31:47.467567+00'), ('def779da-f8d1-406a-9a5b-db29295cc92a', '298567b1-98e3-469e-a50e-8e350aea5092', 'Positive', 'tag', '2025-10-25 07:42:24.226469+00'), ('dfe383f7-5edf-424b-8745-da34f92ca0cc', '08f8da42-912f-4b4f-8f84-031399ab337a', 'POSITIVE', 'tag', '2025-10-23 20:10:30.511728+00'), ('e056fa48-2613-4762-87dd-e2e20f5cb219', '994a486c-6a6f-4870-ac48-ffdc1eb49afd', 'POSITIVE', 'tag', '2025-10-10 16:21:55.731592+00'), ('e30f2b92-892b-48fb-a16a-3842e51ed522', 'a64560de-d268-443c-916f-6eacf346646d', 'Watery', 'tag', '2026-05-14 08:22:16.374203+00'), ('e462cf45-66df-475a-aebb-2e9456de2dc5', '4e456adb-6d69-48ff-acdf-586d5b9e3a2b', '" A " NEGATIVE', 'tag', '2026-01-08 07:27:28.341521+00'), ('e494890d-44e7-4e03-ba2e-8f47b08fc462', '80832602-874e-4ce9-92be-651a58abe1b7', 'Few', 'tag', '2026-04-19 06:31:40.190407+00'), ('e71d2934-cae4-4885-8c2b-d2bf290f822a', 'b3b573d0-4ee8-4bf0-a47e-f76779ee02ff', 'POSITIVE', 'tag', '2025-10-10 16:51:37.575238+00'), ('e95ab174-69d5-4bfc-b7c2-c7efa18009a7', '00365ba6-c66a-4b05-8b8c-86379f9570af', 'POSITIVE', 'tag', '2025-10-06 08:36:21.429354+00'), ('ef16b8d8-fdad-4a05-85be-de39dd7dec5e', 'a64560de-d268-443c-916f-6eacf346646d', 'Semo Formed', 'tag', '2026-05-14 08:22:06.466859+00'), ('efba158e-a467-4764-932f-9bcee09ab6ab', '2a3d5b9d-dfc1-4da4-beeb-4e2bc55e4da1', '+', 'tag', '2026-03-17 07:40:38.064878+00'), ('f2fedf29-a5d5-4d99-92e1-483bd661a2dd', '9c9c82ab-9d67-437a-b398-4a032bbcc5a6', '+', 'tag', '2026-03-17 07:23:37.675995+00'), ('f4c7e036-5bbc-434c-ab66-eee43a5a117b', '56be3c2a-7271-418b-80a9-1e53d3a4e190', 'High', 'tag', '2026-02-23 06:14:37.679254+00'), ('f7de56e8-6540-4d6b-830c-68aa96b9f609', '2a3d5b9d-dfc1-4da4-beeb-4e2bc55e4da1', 'Few', 'tag', '2026-03-17 07:40:34.233194+00'), ('f7f7c537-6cd1-4aef-9ff9-8ac4c63ccc95', '202b03cc-377f-47c5-a4cf-9db7878f808a', 'Not Seen', 'tag', '2026-05-14 08:29:03.740643+00'), ('f8b40b13-0bd9-4972-bc4d-179bd96cacca', 'bfc80def-487f-4d14-83c4-ccd8a23cc9ac', 'NEGATIVE', 'tag', '2025-10-10 16:44:26.835283+00'), ('f9b001ba-c30d-4a14-a3b9-51731b069018', '56be3c2a-7271-418b-80a9-1e53d3a4e190', 'Normal', 'tag', '2026-02-23 06:14:28.29564+00'), ('fa0aa883-01a6-4e87-8a3a-a7ed82d0aa0c', '47d1c83c-45f6-4e82-8676-6719a8c6f129', 'Occasional', 'tag', '2026-05-14 08:25:08.71122+00'), ('fa4f4b43-68d7-427b-b119-e79ea93c46cb', '0358024a-c8cc-4fdc-a2c3-d128573cd109', 'Not Seen', 'tag', '2026-05-14 08:28:47.464897+00'), ('fe4f4a52-cd3f-47b8-9f45-db97ad8fbadd', '283d7f0b-7ffe-4999-a8eb-d896de371f17', 'NEGATIVE', 'tag', '2026-06-08 06:49:31.58532+00') ON CONFLICT (id) DO NOTHING;

